Site,Parameter,Date (LT),Year,Month,Day,Hour,NowCast Conc.,AQI,AQI Category,Raw Conc.,Conc. Unit,Duration,QC Name
Karachi,PM2.5 - Principal,2025-01-06 05:00 PM,2025,01,06,17,-999.0,-999,N/A,71.0,UG/M3,1 Hr,Valid
Karachi,PM2.5 - Principal,2025-01-06 06:00 PM,2025,01,06,18,68.9,160,Unhealthy,67.0,UG/M3,1 Hr,Valid
Karachi,PM2.5 - Principal,2025-01-06 07:00 PM,2025,01,06,19,54.0,147,Unhealthy for Sensitive Groups,41.0,UG/M3,1 Hr,Valid
Karachi,PM2.5 - Principal,2025-01-06 08:00 PM,2025,01,06,20,58.8,153,Unhealthy,64.0,UG/M3,1 Hr,Valid
Karachi,PM2.5 - Principal,2025-01-06 09:00 PM,2025,01,06,21,91.9,177,Unhealthy,123.0,UG/M3,1 Hr,Valid
Karachi,PM2.5 - Principal,2025-01-06 10:00 PM,2025,01,06,22,147.8,223,Very Unhealthy,202.0,UG/M3,1 Hr,Valid
Karachi,PM2.5 - Principal,2025-01-06 11:00 PM,2025,01,06,23,144.3,220,Very Unhealthy,141.0,UG/M3,1 Hr,Valid
Karachi,PM2.5 - Principal,2025-01-07 12:00 AM,2025,01,07,00,128.6,204,Very Unhealthy,113.0,UG/M3,1 Hr,Valid
Karachi,PM2.5 - Principal,2025-01-07 01:00 AM,2025,01,07,01,110.2,189,Unhealthy,92.0,UG/M3,1 Hr,Valid
Karachi,PM2.5 - Principal,2025-01-07 02:00 AM,2025,01,07,02,110.6,190,Unhealthy,111.0,UG/M3,1 Hr,Valid
Karachi,PM2.5 - Principal,2025-01-07 03:00 AM,2025,01,07,03,118.3,195,Unhealthy,126.0,UG/M3,1 Hr,Valid
Karachi,PM2.5 - Principal,2025-01-07 04:00 AM,2025,01,07,04,96.1,179,Unhealthy,74.0,UG/M3,1 Hr,Valid
Karachi,PM2.5 - Principal,2025-01-07 05:00 AM,2025,01,07,05,65.5,158,Unhealthy,35.0,UG/M3,1 Hr,Valid
Karachi,PM2.5 - Principal,2025-01-07 06:00 AM,2025,01,07,06,50.7,138,Unhealthy for Sensitive Groups,36.0,UG/M3,1 Hr,Valid
Karachi,PM2.5 - Principal,2025-01-07 07:00 AM,2025,01,07,07,51.3,140,Unhealthy for Sensitive Groups,52.0,UG/M3,1 Hr,Valid
Karachi,PM2.5 - Principal,2025-01-07 08:00 AM,2025,01,07,08,59.6,154,Unhealthy,68.0,UG/M3,1 Hr,Valid
Karachi,PM2.5 - Principal,2025-01-07 09:00 AM,2025,01,07,09,76.8,166,Unhealthy,94.0,UG/M3,1 Hr,Valid
Karachi,PM2.5 - Principal,2025-01-07 10:00 AM,2025,01,07,10,79.4,168,Unhealthy,82.0,UG/M3,1 Hr,Valid
Karachi,PM2.5 - Principal,2025-01-07 11:00 AM,2025,01,07,11,67.1,159,Unhealthy,55.0,UG/M3,1 Hr,Valid
Karachi,PM2.5 - Principal,2025-01-07 12:00 PM,2025,01,07,12,52.5,143,Unhealthy for Sensitive Groups,38.0,UG/M3,1 Hr,Valid
Karachi,PM2.5 - Principal,2025-01-07 01:00 PM,2025,01,07,13,40.7,114,Unhealthy for Sensitive Groups,29.0,UG/M3,1 Hr,Valid
Karachi,PM2.5 - Principal,2025-01-07 02:00 PM,2025,01,07,14,35.8,102,Unhealthy for Sensitive Groups,31.0,UG/M3,1 Hr,Valid
Karachi,PM2.5 - Principal,2025-01-07 03:00 PM,2025,01,07,15,31.4,93,Moderate,27.0,UG/M3,1 Hr,Valid
Karachi,PM2.5 - Principal,2025-01-07 04:00 PM,2025,01,07,16,32.7,95,Moderate,34.0,UG/M3,1 Hr,Valid
Karachi,PM2.5 - Principal,2025-01-07 05:00 PM,2025,01,07,17,37.8,107,Unhealthy for Sensitive Groups,43.0,UG/M3,1 Hr,Valid
Karachi,PM2.5 - Principal,2025-01-07 06:00 PM,2025,01,07,18,41.4,116,Unhealthy for Sensitive Groups,45.0,UG/M3,1 Hr,Valid
Karachi,PM2.5 - Principal,2025-01-07 07:00 PM,2025,01,07,19,51.2,140,Unhealthy for Sensitive Groups,61.0,UG/M3,1 Hr,Valid
Karachi,PM2.5 - Principal,2025-01-07 08:00 PM,2025,01,07,20,60.6,155,Unhealthy,70.0,UG/M3,1 Hr,Valid
Karachi,PM2.5 - Principal,2025-01-07 09:00 PM,2025,01,07,21,82.3,170,Unhealthy,104.0,UG/M3,1 Hr,Valid
Karachi,PM2.5 - Principal,2025-01-07 10:00 PM,2025,01,07,22,153.6,229,Very Unhealthy,225.0,UG/M3,1 Hr,Valid
Karachi,PM2.5 - Principal,2025-01-07 11:00 PM,2025,01,07,23,200.8,276,Very Unhealthy,248.0,UG/M3,1 Hr,Valid
Karachi,PM2.5 - Principal,2025-01-08 12:00 AM,2025,01,08,00,274.4,398,Hazardous,348.0,UG/M3,1 Hr,Valid
Karachi,PM2.5 - Principal,2025-01-08 01:00 AM,2025,01,08,01,248.7,347,Hazardous,223.0,UG/M3,1 Hr,Valid
Karachi,PM2.5 - Principal,2025-01-08 02:00 AM,2025,01,08,02,302.4,454,Hazardous,356.0,UG/M3,1 Hr,Valid
Karachi,PM2.5 - Principal,2025-01-08 03:00 AM,2025,01,08,03,295.2,440,Hazardous,288.0,UG/M3,1 Hr,Valid
Karachi,PM2.5 - Principal,2025-01-08 04:00 AM,2025,01,08,04,267.6,385,Hazardous,240.0,UG/M3,1 Hr,Valid
Karachi,PM2.5 - Principal,2025-01-08 05:00 AM,2025,01,08,05,245.8,341,Hazardous,224.0,UG/M3,1 Hr,Valid
Karachi,PM2.5 - Principal,2025-01-08 06:00 AM,2025,01,08,06,195.9,271,Very Unhealthy,146.0,UG/M3,1 Hr,Valid
Karachi,PM2.5 - Principal,2025-01-08 07:00 AM,2025,01,08,07,146.9,222,Very Unhealthy,98.0,UG/M3,1 Hr,Valid
Karachi,PM2.5 - Principal,2025-01-08 08:00 AM,2025,01,08,08,135.4,211,Very Unhealthy,124.0,UG/M3,1 Hr,Valid
Karachi,PM2.5 - Principal,2025-01-08 09:00 AM,2025,01,08,09,154.7,230,Very Unhealthy,174.0,UG/M3,1 Hr,Valid
Karachi,PM2.5 - Principal,2025-01-08 10:00 AM,2025,01,08,10,166.8,242,Very Unhealthy,179.0,UG/M3,1 Hr,Valid
Karachi,PM2.5 - Principal,2025-01-08 11:00 AM,2025,01,08,11,133.9,209,Very Unhealthy,101.0,UG/M3,1 Hr,Valid
Karachi,PM2.5 - Principal,2025-01-08 12:00 PM,2025,01,08,12,95.9,179,Unhealthy,58.0,UG/M3,1 Hr,Valid
Karachi,PM2.5 - Principal,2025-01-08 01:00 PM,2025,01,08,13,79.9,168,Unhealthy,64.0,UG/M3,1 Hr,Valid
Karachi,PM2.5 - Principal,2025-01-08 02:00 PM,2025,01,08,14,63.4,157,Unhealthy,47.0,UG/M3,1 Hr,Valid
Karachi,PM2.5 - Principal,2025-01-08 03:00 PM,2025,01,08,15,44.6,123,Unhealthy for Sensitive Groups,26.0,UG/M3,1 Hr,Valid
Karachi,PM2.5 - Principal,2025-01-08 04:00 PM,2025,01,08,16,34.3,98,Moderate,24.0,UG/M3,1 Hr,Valid
Karachi,PM2.5 - Principal,2025-01-08 05:00 PM,2025,01,08,17,32.1,94,Moderate,30.0,UG/M3,1 Hr,Valid
Karachi,PM2.5 - Principal,2025-01-08 06:00 PM,2025,01,08,18,32.0,94,Moderate,32.0,UG/M3,1 Hr,Valid
Karachi,PM2.5 - Principal,2025-01-08 07:00 PM,2025,01,08,19,34.5,98,Moderate,37.0,UG/M3,1 Hr,Valid
Karachi,PM2.5 - Principal,2025-01-08 08:00 PM,2025,01,08,20,44.2,122,Unhealthy for Sensitive Groups,54.0,UG/M3,1 Hr,Valid
Karachi,PM2.5 - Principal,2025-01-08 09:00 PM,2025,01,08,21,59.1,154,Unhealthy,74.0,UG/M3,1 Hr,Valid
Karachi,PM2.5 - Principal,2025-01-08 10:00 PM,2025,01,08,22,82.5,170,Unhealthy,106.0,UG/M3,1 Hr,Valid
Karachi,PM2.5 - Principal,2025-01-08 11:00 PM,2025,01,08,23,118.7,195,Unhealthy,155.0,UG/M3,1 Hr,Valid
Karachi,PM2.5 - Principal,2025-01-09 12:00 AM,2025,01,09,00,166.9,242,Very Unhealthy,215.0,UG/M3,1 Hr,Valid
Karachi,PM2.5 - Principal,2025-01-09 01:00 AM,2025,01,09,01,230.4,311,Hazardous,294.0,UG/M3,1 Hr,Valid
Karachi,PM2.5 - Principal,2025-01-09 02:00 AM,2025,01,09,02,273.2,396,Hazardous,316.0,UG/M3,1 Hr,Valid
Karachi,PM2.5 - Principal,2025-01-09 03:00 AM,2025,01,09,03,254.6,359,Hazardous,236.0,UG/M3,1 Hr,Valid
Karachi,PM2.5 - Principal,2025-01-09 04:00 AM,2025,01,09,04,248.3,346,Hazardous,242.0,UG/M3,1 Hr,Valid
Karachi,PM2.5 - Principal,2025-01-09 05:00 AM,2025,01,09,05,242.7,335,Hazardous,237.0,UG/M3,1 Hr,Valid
Karachi,PM2.5 - Principal,2025-01-09 06:00 AM,2025,01,09,06,235.8,322,Hazardous,229.0,UG/M3,1 Hr,Valid
Karachi,PM2.5 - Principal,2025-01-09 07:00 AM,2025,01,09,07,192.4,267,Very Unhealthy,149.0,UG/M3,1 Hr,Valid
Karachi,PM2.5 - Principal,2025-01-09 08:00 AM,2025,01,09,08,149.7,225,Very Unhealthy,107.0,UG/M3,1 Hr,Valid
Karachi,PM2.5 - Principal,2025-01-09 09:00 AM,2025,01,09,09,126.3,202,Very Unhealthy,103.0,UG/M3,1 Hr,Valid
Karachi,PM2.5 - Principal,2025-01-09 10:00 AM,2025,01,09,10,116.1,193,Unhealthy,106.0,UG/M3,1 Hr,Valid
Karachi,PM2.5 - Principal,2025-01-09 11:00 AM,2025,01,09,11,123.5,199,Unhealthy,131.0,UG/M3,1 Hr,Valid
Karachi,PM2.5 - Principal,2025-01-09 12:00 PM,2025,01,09,12,127.7,203,Very Unhealthy,132.0,UG/M3,1 Hr,Valid
Karachi,PM2.5 - Principal,2025-01-09 01:00 PM,2025,01,09,13,88.3,174,Unhealthy,49.0,UG/M3,1 Hr,Valid
Karachi,PM2.5 - Principal,2025-01-09 02:00 PM,2025,01,09,14,62.6,156,Unhealthy,37.0,UG/M3,1 Hr,Valid
Karachi,PM2.5 - Principal,2025-01-09 03:00 PM,2025,01,09,15,54.3,147,Unhealthy for Sensitive Groups,46.0,UG/M3,1 Hr,Valid
Karachi,PM2.5 - Principal,2025-01-09 04:00 PM,2025,01,09,16,50.1,137,Unhealthy for Sensitive Groups,46.0,UG/M3,1 Hr,Valid
Karachi,PM2.5 - Principal,2025-01-09 05:00 PM,2025,01,09,17,49.0,134,Unhealthy for Sensitive Groups,48.0,UG/M3,1 Hr,Valid
Karachi,PM2.5 - Principal,2025-01-09 06:00 PM,2025,01,09,18,57.5,152,Unhealthy,66.0,UG/M3,1 Hr,Valid
Karachi,PM2.5 - Principal,2025-01-09 07:00 PM,2025,01,09,19,65.2,158,Unhealthy,73.0,UG/M3,1 Hr,Valid
Karachi,PM2.5 - Principal,2025-01-09 08:00 PM,2025,01,09,20,79.1,168,Unhealthy,93.0,UG/M3,1 Hr,Valid
Karachi,PM2.5 - Principal,2025-01-09 09:00 PM,2025,01,09,21,106.5,187,Unhealthy,134.0,UG/M3,1 Hr,Valid
Karachi,PM2.5 - Principal,2025-01-09 10:00 PM,2025,01,09,22,146.7,222,Very Unhealthy,187.0,UG/M3,1 Hr,Valid
Karachi,PM2.5 - Principal,2025-01-09 11:00 PM,2025,01,09,23,135.3,211,Very Unhealthy,124.0,UG/M3,1 Hr,Valid
Karachi,PM2.5 - Principal,2025-01-10 12:00 AM,2025,01,10,00,119.1,196,Unhealthy,103.0,UG/M3,1 Hr,Valid
Karachi,PM2.5 - Principal,2025-01-10 01:00 AM,2025,01,10,01,115.6,193,Unhealthy,112.0,UG/M3,1 Hr,Valid
Karachi,PM2.5 - Principal,2025-01-10 02:00 AM,2025,01,10,02,114.8,193,Unhealthy,114.0,UG/M3,1 Hr,Valid
Karachi,PM2.5 - Principal,2025-01-10 03:00 AM,2025,01,10,03,117.9,195,Unhealthy,121.0,UG/M3,1 Hr,Valid
Karachi,PM2.5 - Principal,2025-01-10 04:00 AM,2025,01,10,04,129.4,205,Very Unhealthy,141.0,UG/M3,1 Hr,Valid
Karachi,PM2.5 - Principal,2025-01-10 05:00 AM,2025,01,10,05,132.7,208,Very Unhealthy,136.0,UG/M3,1 Hr,Valid
Karachi,PM2.5 - Principal,2025-01-10 06:00 AM,2025,01,10,06,136.8,212,Very Unhealthy,141.0,UG/M3,1 Hr,Valid
Karachi,PM2.5 - Principal,2025-01-10 07:00 AM,2025,01,10,07,106.4,187,Unhealthy,76.0,UG/M3,1 Hr,Valid
Karachi,PM2.5 - Principal,2025-01-10 08:00 AM,2025,01,10,08,92.7,177,Unhealthy,79.0,UG/M3,1 Hr,Valid
Karachi,PM2.5 - Principal,2025-01-10 09:00 AM,2025,01,10,09,99.8,182,Unhealthy,107.0,UG/M3,1 Hr,Valid
Karachi,PM2.5 - Principal,2025-01-10 10:00 AM,2025,01,10,10,131.9,207,Very Unhealthy,164.0,UG/M3,1 Hr,Valid
Karachi,PM2.5 - Principal,2025-01-10 11:00 AM,2025,01,10,11,130.4,206,Very Unhealthy,129.0,UG/M3,1 Hr,Valid
Karachi,PM2.5 - Principal,2025-01-10 12:00 PM,2025,01,10,12,120.2,196,Unhealthy,110.0,UG/M3,1 Hr,Valid
Karachi,PM2.5 - Principal,2025-01-10 01:00 PM,2025,01,10,13,108.6,188,Unhealthy,97.0,UG/M3,1 Hr,Valid
Karachi,PM2.5 - Principal,2025-01-10 02:00 PM,2025,01,10,14,91.8,176,Unhealthy,75.0,UG/M3,1 Hr,Valid
Karachi,PM2.5 - Principal,2025-01-10 03:00 PM,2025,01,10,15,77.3,166,Unhealthy,63.0,UG/M3,1 Hr,Valid
Karachi,PM2.5 - Principal,2025-01-10 04:00 PM,2025,01,10,16,90.1,175,Unhealthy,103.0,UG/M3,1 Hr,Valid
Karachi,PM2.5 - Principal,2025-01-10 05:00 PM,2025,01,10,17,77.5,166,Unhealthy,65.0,UG/M3,1 Hr,Valid
Karachi,PM2.5 - Principal,2025-01-10 06:00 PM,2025,01,10,18,68.2,160,Unhealthy,59.0,UG/M3,1 Hr,Valid
Karachi,PM2.5 - Principal,2025-01-10 07:00 PM,2025,01,10,19,72.1,163,Unhealthy,76.0,UG/M3,1 Hr,Valid
Karachi,PM2.5 - Principal,2025-01-10 08:00 PM,2025,01,10,20,82.5,170,Unhealthy,93.0,UG/M3,1 Hr,Valid
Karachi,PM2.5 - Principal,2025-01-10 09:00 PM,2025,01,10,21,142.7,218,Very Unhealthy,203.0,UG/M3,1 Hr,Valid
Karachi,PM2.5 - Principal,2025-01-10 10:00 PM,2025,01,10,22,177.4,252,Very Unhealthy,212.0,UG/M3,1 Hr,Valid
Karachi,PM2.5 - Principal,2025-01-10 11:00 PM,2025,01,10,23,132.6,208,Very Unhealthy,88.0,UG/M3,1 Hr,Valid
Karachi,PM2.5 - Principal,2025-01-11 12:00 AM,2025,01,11,00,118.8,195,Unhealthy,105.0,UG/M3,1 Hr,Valid
Karachi,PM2.5 - Principal,2025-01-11 01:00 AM,2025,01,11,01,119.4,196,Unhealthy,120.0,UG/M3,1 Hr,Valid
Karachi,PM2.5 - Principal,2025-01-11 02:00 AM,2025,01,11,02,125.7,201,Very Unhealthy,132.0,UG/M3,1 Hr,Valid
Karachi,PM2.5 - Principal,2025-01-11 03:00 AM,2025,01,11,03,105.3,186,Unhealthy,85.0,UG/M3,1 Hr,Valid
Karachi,PM2.5 - Principal,2025-01-11 04:00 AM,2025,01,11,04,100.1,182,Unhealthy,95.0,UG/M3,1 Hr,Valid
Karachi,PM2.5 - Principal,2025-01-11 05:00 AM,2025,01,11,05,93.5,178,Unhealthy,87.0,UG/M3,1 Hr,Valid
Karachi,PM2.5 - Principal,2025-01-11 06:00 AM,2025,01,11,06,99.8,182,Unhealthy,106.0,UG/M3,1 Hr,Valid
Karachi,PM2.5 - Principal,2025-01-11 07:00 AM,2025,01,11,07,111.9,191,Unhealthy,124.0,UG/M3,1 Hr,Valid
Karachi,PM2.5 - Principal,2025-01-11 08:00 AM,2025,01,11,08,102.4,184,Unhealthy,93.0,UG/M3,1 Hr,Valid
Karachi,PM2.5 - Principal,2025-01-11 09:00 AM,2025,01,11,09,105.2,186,Unhealthy,108.0,UG/M3,1 Hr,Valid
Karachi,PM2.5 - Principal,2025-01-11 10:00 AM,2025,01,11,10,120.3,196,Unhealthy,143.0,UG/M3,1 Hr,Valid
Karachi,PM2.5 - Principal,2025-01-11 11:00 AM,2025,01,11,11,122.2,198,Unhealthy,125.0,UG/M3,1 Hr,Valid
Karachi,PM2.5 - Principal,2025-01-11 12:00 PM,2025,01,11,12,114.4,192,Unhealthy,103.0,UG/M3,1 Hr,Valid
Karachi,PM2.5 - Principal,2025-01-11 01:00 PM,2025,01,11,13,96.9,180,Unhealthy,77.0,UG/M3,1 Hr,Valid
Karachi,PM2.5 - Principal,2025-01-11 02:00 PM,2025,01,11,14,90.9,176,Unhealthy,84.0,UG/M3,1 Hr,Valid
Karachi,PM2.5 - Principal,2025-01-11 03:00 PM,2025,01,11,15,78.8,167,Unhealthy,68.0,UG/M3,1 Hr,Valid
Karachi,PM2.5 - Principal,2025-01-11 04:00 PM,2025,01,11,16,79.4,168,Unhealthy,80.0,UG/M3,1 Hr,Valid
Karachi,PM2.5 - Principal,2025-01-11 05:00 PM,2025,01,11,17,69.2,161,Unhealthy,59.0,UG/M3,1 Hr,Valid
Karachi,PM2.5 - Principal,2025-01-11 06:00 PM,2025,01,11,18,66.5,159,Unhealthy,64.0,UG/M3,1 Hr,Valid
Karachi,PM2.5 - Principal,2025-01-11 07:00 PM,2025,01,11,19,63.7,157,Unhealthy,61.0,UG/M3,1 Hr,Valid
Karachi,PM2.5 - Principal,2025-01-11 08:00 PM,2025,01,11,20,77.8,167,Unhealthy,92.0,UG/M3,1 Hr,Valid
Karachi,PM2.5 - Principal,2025-01-11 09:00 PM,2025,01,11,21,93.9,178,Unhealthy,110.0,UG/M3,1 Hr,Valid
Karachi,PM2.5 - Principal,2025-01-11 10:00 PM,2025,01,11,22,144.9,220,Very Unhealthy,196.0,UG/M3,1 Hr,Valid
Karachi,PM2.5 - Principal,2025-01-11 11:00 PM,2025,01,11,23,188.0,263,Very Unhealthy,231.0,UG/M3,1 Hr,Valid
Karachi,PM2.5 - Principal,2025-01-12 12:00 AM,2025,01,12,00,225.5,301,Hazardous,263.0,UG/M3,1 Hr,Valid
Karachi,PM2.5 - Principal,2025-01-12 01:00 AM,2025,01,12,01,226.7,303,Hazardous,228.0,UG/M3,1 Hr,Valid
Karachi,PM2.5 - Principal,2025-01-12 02:00 AM,2025,01,12,02,211.4,286,Very Unhealthy,196.0,UG/M3,1 Hr,Valid
Karachi,PM2.5 - Principal,2025-01-12 03:00 AM,2025,01,12,03,215.7,290,Very Unhealthy,220.0,UG/M3,1 Hr,Valid
Karachi,PM2.5 - Principal,2025-01-12 04:00 AM,2025,01,12,04,193.3,268,Very Unhealthy,171.0,UG/M3,1 Hr,Valid
Karachi,PM2.5 - Principal,2025-01-12 05:00 AM,2025,01,12,05,154.6,230,Very Unhealthy,116.0,UG/M3,1 Hr,Valid
Karachi,PM2.5 - Principal,2025-01-12 06:00 AM,2025,01,12,06,131.8,207,Very Unhealthy,109.0,UG/M3,1 Hr,Valid
Karachi,PM2.5 - Principal,2025-01-12 07:00 AM,2025,01,12,07,108.4,188,Unhealthy,85.0,UG/M3,1 Hr,Valid
Karachi,PM2.5 - Principal,2025-01-12 08:00 AM,2025,01,12,08,102.2,184,Unhealthy,96.0,UG/M3,1 Hr,Valid
Karachi,PM2.5 - Principal,2025-01-12 09:00 AM,2025,01,12,09,91.6,176,Unhealthy,81.0,UG/M3,1 Hr,Valid
Karachi,PM2.5 - Principal,2025-01-12 10:00 AM,2025,01,12,10,83.7,171,Unhealthy,76.0,UG/M3,1 Hr,Valid
Karachi,PM2.5 - Principal,2025-01-12 11:00 AM,2025,01,12,11,84.8,172,Unhealthy,86.0,UG/M3,1 Hr,Valid
Karachi,PM2.5 - Principal,2025-01-12 12:00 PM,2025,01,12,12,95.9,179,Unhealthy,107.0,UG/M3,1 Hr,Valid
Karachi,PM2.5 - Principal,2025-01-12 01:00 PM,2025,01,12,13,95.9,179,Unhealthy,96.0,UG/M3,1 Hr,Valid
Karachi,PM2.5 - Principal,2025-01-12 02:00 PM,2025,01,12,14,85.4,172,Unhealthy,75.0,UG/M3,1 Hr,Valid
Karachi,PM2.5 - Principal,2025-01-12 03:00 PM,2025,01,12,15,75.7,165,Unhealthy,66.0,UG/M3,1 Hr,Valid
Karachi,PM2.5 - Principal,2025-01-12 04:00 PM,2025,01,12,16,69.0,160,Unhealthy,61.0,UG/M3,1 Hr,Valid
Karachi,PM2.5 - Principal,2025-01-12 05:00 PM,2025,01,12,17,67.4,159,Unhealthy,64.0,UG/M3,1 Hr,Valid
Karachi,PM2.5 - Principal,2025-01-12 06:00 PM,2025,01,12,18,66.4,159,Unhealthy,65.0,UG/M3,1 Hr,Valid
Karachi,PM2.5 - Principal,2025-01-12 07:00 PM,2025,01,12,19,71.8,162,Unhealthy,79.0,UG/M3,1 Hr,Valid
Karachi,PM2.5 - Principal,2025-01-12 08:00 PM,2025,01,12,20,84.8,172,Unhealthy,102.0,UG/M3,1 Hr,Valid
Karachi,PM2.5 - Principal,2025-01-12 09:00 PM,2025,01,12,21,90.4,175,Unhealthy,98.0,UG/M3,1 Hr,Valid
Karachi,PM2.5 - Principal,2025-01-12 10:00 PM,2025,01,12,22,98.2,181,Unhealthy,108.0,UG/M3,1 Hr,Valid
Karachi,PM2.5 - Principal,2025-01-12 11:00 PM,2025,01,12,23,102.4,184,Unhealthy,108.0,UG/M3,1 Hr,Valid
Karachi,PM2.5 - Principal,2025-01-13 12:00 AM,2025,01,13,00,106.5,187,Unhealthy,111.0,UG/M3,1 Hr,Valid
Karachi,PM2.5 - Principal,2025-01-13 01:00 AM,2025,01,13,01,104.9,186,Unhealthy,103.0,UG/M3,1 Hr,Valid
Karachi,PM2.5 - Principal,2025-01-13 02:00 AM,2025,01,13,02,106.3,187,Unhealthy,108.0,UG/M3,1 Hr,Valid
Karachi,PM2.5 - Principal,2025-01-13 03:00 AM,2025,01,13,03,113.1,191,Unhealthy,120.0,UG/M3,1 Hr,Valid
Karachi,PM2.5 - Principal,2025-01-13 04:00 AM,2025,01,13,04,122.1,198,Unhealthy,131.0,UG/M3,1 Hr,Valid
Karachi,PM2.5 - Principal,2025-01-13 05:00 AM,2025,01,13,05,127.0,202,Very Unhealthy,132.0,UG/M3,1 Hr,Valid
Karachi,PM2.5 - Principal,2025-01-13 06:00 AM,2025,01,13,06,131.8,207,Very Unhealthy,140.0,UG/M3,1 Hr,Valid
Karachi,PM2.5 - Principal,2025-01-13 07:00 AM,2025,01,13,07,141.3,217,Very Unhealthy,159.0,UG/M3,1 Hr,Valid
Karachi,PM2.5 - Principal,2025-01-13 08:00 AM,2025,01,13,08,156.3,232,Very Unhealthy,173.0,UG/M3,1 Hr,Valid
Karachi,PM2.5 - Principal,2025-01-13 09:00 AM,2025,01,13,09,161.4,237,Very Unhealthy,171.0,UG/M3,1 Hr,Valid
Karachi,PM2.5 - Principal,2025-01-13 10:00 AM,2025,01,13,10,155.6,231,Very Unhealthy,147.0,UG/M3,1 Hr,Valid
Karachi,PM2.5 - Principal,2025-01-13 11:00 AM,2025,01,13,11,139.1,214,Very Unhealthy,115.0,UG/M3,1 Hr,Valid
Karachi,PM2.5 - Principal,2025-01-13 12:00 PM,2025,01,13,12,107.2,187,Unhealthy,79.0,UG/M3,1 Hr,Valid
Karachi,PM2.5 - Principal,2025-01-13 01:00 PM,2025,01,13,13,84.1,171,Unhealthy,61.0,UG/M3,1 Hr,Valid
Karachi,PM2.5 - Principal,2025-01-13 02:00 PM,2025,01,13,14,72.0,163,Unhealthy,60.0,UG/M3,1 Hr,Valid
Karachi,PM2.5 - Principal,2025-01-13 03:00 PM,2025,01,13,15,65.0,158,Unhealthy,58.0,UG/M3,1 Hr,Valid
Karachi,PM2.5 - Principal,2025-01-13 04:00 PM,2025,01,13,16,58.0,153,Unhealthy,51.0,UG/M3,1 Hr,Valid
Karachi,PM2.5 - Principal,2025-01-13 05:00 PM,2025,01,13,17,55.4,150,Unhealthy for Sensitive Groups,53.0,UG/M3,1 Hr,Valid
Karachi,PM2.5 - Principal,2025-01-13 06:00 PM,2025,01,13,18,58.2,153,Unhealthy,61.0,UG/M3,1 Hr,Valid
Karachi,PM2.5 - Principal,2025-01-13 07:00 PM,2025,01,13,19,63.1,156,Unhealthy,68.0,UG/M3,1 Hr,Valid
Karachi,PM2.5 - Principal,2025-01-13 08:00 PM,2025,01,13,20,64.5,157,Unhealthy,66.0,UG/M3,1 Hr,Valid
Karachi,PM2.5 - Principal,2025-01-13 09:00 PM,2025,01,13,21,65.7,158,Unhealthy,67.0,UG/M3,1 Hr,Valid
Karachi,PM2.5 - Principal,2025-01-13 10:00 PM,2025,01,13,22,72.8,163,Unhealthy,80.0,UG/M3,1 Hr,Valid
Karachi,PM2.5 - Principal,2025-01-13 11:00 PM,2025,01,13,23,86.0,172,Unhealthy,100.0,UG/M3,1 Hr,Valid
Karachi,PM2.5 - Principal,2025-01-14 12:00 AM,2025,01,14,00,92.8,177,Unhealthy,100.0,UG/M3,1 Hr,Valid
Karachi,PM2.5 - Principal,2025-01-14 01:00 AM,2025,01,14,01,95.8,179,Unhealthy,99.0,UG/M3,1 Hr,Valid
Karachi,PM2.5 - Principal,2025-01-14 02:00 AM,2025,01,14,02,104.0,185,Unhealthy,112.0,UG/M3,1 Hr,Valid
Karachi,PM2.5 - Principal,2025-01-14 03:00 AM,2025,01,14,03,105.0,186,Unhealthy,106.0,UG/M3,1 Hr,Valid
Karachi,PM2.5 - Principal,2025-01-14 04:00 AM,2025,01,14,04,108.5,188,Unhealthy,112.0,UG/M3,1 Hr,Valid
Karachi,PM2.5 - Principal,2025-01-14 05:00 AM,2025,01,14,05,100.1,182,Unhealthy,91.0,UG/M3,1 Hr,Valid
Karachi,PM2.5 - Principal,2025-01-14 06:00 AM,2025,01,14,06,94.4,178,Unhealthy,86.0,UG/M3,1 Hr,Valid
Karachi,PM2.5 - Principal,2025-01-14 07:00 AM,2025,01,14,07,98.0,181,Unhealthy,103.0,UG/M3,1 Hr,Valid
Karachi,PM2.5 - Principal,2025-01-14 08:00 AM,2025,01,14,08,107.7,188,Unhealthy,120.0,UG/M3,1 Hr,Valid
Karachi,PM2.5 - Principal,2025-01-14 09:00 AM,2025,01,14,09,130.4,206,Very Unhealthy,154.0,UG/M3,1 Hr,Valid
Karachi,PM2.5 - Principal,2025-01-14 10:00 AM,2025,01,14,10,134.3,210,Very Unhealthy,142.0,UG/M3,1 Hr,Valid
Karachi,PM2.5 - Principal,2025-01-14 11:00 AM,2025,01,14,11,129.7,205,Very Unhealthy,124.0,UG/M3,1 Hr,Valid
Karachi,PM2.5 - Principal,2025-01-14 12:00 PM,2025,01,14,12,118.3,195,Unhealthy,104.0,UG/M3,1 Hr,Valid
Karachi,PM2.5 - Principal,2025-01-14 01:00 PM,2025,01,14,13,104.5,185,Unhealthy,87.0,UG/M3,1 Hr,Valid
Karachi,PM2.5 - Principal,2025-01-14 02:00 PM,2025,01,14,14,99.4,182,Unhealthy,93.0,UG/M3,1 Hr,Valid
Karachi,PM2.5 - Principal,2025-01-14 03:00 PM,2025,01,14,15,96.1,179,Unhealthy,92.0,UG/M3,1 Hr,Valid
Karachi,PM2.5 - Principal,2025-01-14 04:00 PM,2025,01,14,16,92.0,177,Unhealthy,87.0,UG/M3,1 Hr,Valid
Karachi,PM2.5 - Principal,2025-01-14 05:00 PM,2025,01,14,17,86.4,173,Unhealthy,81.0,UG/M3,1 Hr,Valid
Karachi,PM2.5 - Principal,2025-01-14 06:00 PM,2025,01,14,18,86.7,173,Unhealthy,87.0,UG/M3,1 Hr,Valid
Karachi,PM2.5 - Principal,2025-01-14 07:00 PM,2025,01,14,19,97.2,180,Unhealthy,109.0,UG/M3,1 Hr,Valid
Karachi,PM2.5 - Principal,2025-01-14 08:00 PM,2025,01,14,20,108.0,188,Unhealthy,120.0,UG/M3,1 Hr,Valid
Karachi,PM2.5 - Principal,2025-01-14 09:00 PM,2025,01,14,21,113.2,191,Unhealthy,122.0,UG/M3,1 Hr,Valid
Karachi,PM2.5 - Principal,2025-01-14 10:00 PM,2025,01,14,22,134.6,210,Very Unhealthy,156.0,UG/M3,1 Hr,Valid
Karachi,PM2.5 - Principal,2025-01-14 11:00 PM,2025,01,14,23,202.3,277,Very Unhealthy,269.0,UG/M3,1 Hr,Suspect
Karachi,PM2.5 - Principal,2025-01-15 12:00 AM,2025,01,15,00,168.6,244,Very Unhealthy,135.0,UG/M3,1 Hr,Valid
Karachi,PM2.5 - Principal,2025-01-15 01:00 AM,2025,01,15,01,144.3,220,Very Unhealthy,120.0,UG/M3,1 Hr,Valid
Karachi,PM2.5 - Principal,2025-01-15 02:00 AM,2025,01,15,02,138.1,213,Very Unhealthy,132.0,UG/M3,1 Hr,Valid
Karachi,PM2.5 - Principal,2025-01-15 03:00 AM,2025,01,15,03,135.5,211,Very Unhealthy,133.0,UG/M3,1 Hr,Valid
Karachi,PM2.5 - Principal,2025-01-15 04:00 AM,2025,01,15,04,132.8,208,Very Unhealthy,130.0,UG/M3,1 Hr,Valid
Karachi,PM2.5 - Principal,2025-01-15 05:00 AM,2025,01,15,05,133.9,209,Very Unhealthy,135.0,UG/M3,1 Hr,Valid
Karachi,PM2.5 - Principal,2025-01-15 06:00 AM,2025,01,15,06,114.9,193,Unhealthy,96.0,UG/M3,1 Hr,Valid
Karachi,PM2.5 - Principal,2025-01-15 07:00 AM,2025,01,15,07,102.9,184,Unhealthy,91.0,UG/M3,1 Hr,Valid
Karachi,PM2.5 - Principal,2025-01-15 08:00 AM,2025,01,15,08,99.4,182,Unhealthy,96.0,UG/M3,1 Hr,Valid
Karachi,PM2.5 - Principal,2025-01-15 09:00 AM,2025,01,15,09,114.2,192,Unhealthy,129.0,UG/M3,1 Hr,Valid
Karachi,PM2.5 - Principal,2025-01-15 10:00 AM,2025,01,15,10,120.6,197,Unhealthy,127.0,UG/M3,1 Hr,Valid
Karachi,PM2.5 - Principal,2025-01-15 11:00 AM,2025,01,15,11,110.2,189,Unhealthy,95.0,UG/M3,1 Hr,Valid
Karachi,PM2.5 - Principal,2025-01-15 12:00 PM,2025,01,15,12,102.7,184,Unhealthy,89.0,UG/M3,1 Hr,Valid
Karachi,PM2.5 - Principal,2025-01-15 01:00 PM,2025,01,15,13,84.1,171,Unhealthy,69.0,UG/M3,1 Hr,Valid
Karachi,PM2.5 - Principal,2025-01-15 02:00 PM,2025,01,15,14,78.2,167,Unhealthy,72.0,UG/M3,1 Hr,Valid
Karachi,PM2.5 - Principal,2025-01-15 03:00 PM,2025,01,15,15,70.4,161,Unhealthy,63.0,UG/M3,1 Hr,Valid
Karachi,PM2.5 - Principal,2025-01-15 04:00 PM,2025,01,15,16,78.1,167,Unhealthy,86.0,UG/M3,1 Hr,Valid
Karachi,PM2.5 - Principal,2025-01-15 05:00 PM,2025,01,15,17,84.5,171,Unhealthy,91.0,UG/M3,1 Hr,Valid
Karachi,PM2.5 - Principal,2025-01-15 06:00 PM,2025,01,15,18,87.7,174,Unhealthy,91.0,UG/M3,1 Hr,Valid
Karachi,PM2.5 - Principal,2025-01-15 07:00 PM,2025,01,15,19,90.8,176,Unhealthy,94.0,UG/M3,1 Hr,Valid
Karachi,PM2.5 - Principal,2025-01-15 08:00 PM,2025,01,15,20,98.4,181,Unhealthy,106.0,UG/M3,1 Hr,Valid
Karachi,PM2.5 - Principal,2025-01-15 09:00 PM,2025,01,15,21,109.7,189,Unhealthy,121.0,UG/M3,1 Hr,Valid
Karachi,PM2.5 - Principal,2025-01-15 10:00 PM,2025,01,15,22,122.8,198,Unhealthy,136.0,UG/M3,1 Hr,Valid
Karachi,PM2.5 - Principal,2025-01-15 11:00 PM,2025,01,15,23,165.9,241,Very Unhealthy,209.0,UG/M3,1 Hr,Valid
Karachi,PM2.5 - Principal,2025-01-16 12:00 AM,2025,01,16,00,205.9,281,Very Unhealthy,246.0,UG/M3,1 Hr,Valid
Karachi,PM2.5 - Principal,2025-01-16 01:00 AM,2025,01,16,01,196.0,271,Very Unhealthy,186.0,UG/M3,1 Hr,Valid
Karachi,PM2.5 - Principal,2025-01-16 02:00 AM,2025,01,16,02,180.0,255,Very Unhealthy,164.0,UG/M3,1 Hr,Valid
Karachi,PM2.5 - Principal,2025-01-16 03:00 AM,2025,01,16,03,166.5,242,Very Unhealthy,153.0,UG/M3,1 Hr,Valid
Karachi,PM2.5 - Principal,2025-01-16 04:00 AM,2025,01,16,04,148.7,224,Very Unhealthy,131.0,UG/M3,1 Hr,Valid
Karachi,PM2.5 - Principal,2025-01-16 05:00 AM,2025,01,16,05,150.3,226,Very Unhealthy,152.0,UG/M3,1 Hr,Valid
Karachi,PM2.5 - Principal,2025-01-16 06:00 AM,2025,01,16,06,145.2,221,Very Unhealthy,140.0,UG/M3,1 Hr,Valid
Karachi,PM2.5 - Principal,2025-01-16 07:00 AM,2025,01,16,07,151.6,227,Very Unhealthy,158.0,UG/M3,1 Hr,Valid
Karachi,PM2.5 - Principal,2025-01-16 08:00 AM,2025,01,16,08,152.8,228,Very Unhealthy,154.0,UG/M3,1 Hr,Valid
Karachi,PM2.5 - Principal,2025-01-16 09:00 AM,2025,01,16,09,171.1,246,Very Unhealthy,192.0,UG/M3,1 Hr,Valid
Karachi,PM2.5 - Principal,2025-01-16 10:00 AM,2025,01,16,10,182.2,257,Very Unhealthy,195.0,UG/M3,1 Hr,Valid
Karachi,PM2.5 - Principal,2025-01-16 11:00 AM,2025,01,16,11,171.8,247,Very Unhealthy,160.0,UG/M3,1 Hr,Valid
Karachi,PM2.5 - Principal,2025-01-16 12:00 PM,2025,01,16,12,135.9,211,Very Unhealthy,99.0,UG/M3,1 Hr,Valid
Karachi,PM2.5 - Principal,2025-01-16 01:00 PM,2025,01,16,13,115.1,193,Unhealthy,95.0,UG/M3,1 Hr,Valid
Karachi,PM2.5 - Principal,2025-01-16 02:00 PM,2025,01,16,14,114.5,192,Unhealthy,114.0,UG/M3,1 Hr,Valid
Karachi,PM2.5 - Principal,2025-01-16 03:00 PM,2025,01,16,15,101.7,183,Unhealthy,89.0,UG/M3,1 Hr,Valid
Karachi,PM2.5 - Principal,2025-01-16 04:00 PM,2025,01,16,16,89.3,175,Unhealthy,77.0,UG/M3,1 Hr,Valid
Karachi,PM2.5 - Principal,2025-01-16 05:00 PM,2025,01,16,17,80.1,168,Unhealthy,71.0,UG/M3,1 Hr,Valid
Karachi,PM2.5 - Principal,2025-01-16 06:00 PM,2025,01,16,18,82.5,170,Unhealthy,85.0,UG/M3,1 Hr,Valid
Karachi,PM2.5 - Principal,2025-01-16 07:00 PM,2025,01,16,19,90.7,176,Unhealthy,99.0,UG/M3,1 Hr,Valid
Karachi,PM2.5 - Principal,2025-01-16 08:00 PM,2025,01,16,20,101.8,183,Unhealthy,113.0,UG/M3,1 Hr,Valid
Karachi,PM2.5 - Principal,2025-01-16 09:00 PM,2025,01,16,21,126.9,202,Very Unhealthy,152.0,UG/M3,1 Hr,Valid
Karachi,PM2.5 - Principal,2025-01-16 10:00 PM,2025,01,16,22,176.9,252,Very Unhealthy,227.0,UG/M3,1 Hr,Valid
Karachi,PM2.5 - Principal,2025-01-16 11:00 PM,2025,01,16,23,171.4,246,Very Unhealthy,166.0,UG/M3,1 Hr,Valid
Karachi,PM2.5 - Principal,2025-01-17 12:00 AM,2025,01,17,00,176.7,252,Very Unhealthy,182.0,UG/M3,1 Hr,Valid
Karachi,PM2.5 - Principal,2025-01-17 01:00 AM,2025,01,17,01,190.8,266,Very Unhealthy,205.0,UG/M3,1 Hr,Valid
Karachi,PM2.5 - Principal,2025-01-17 02:00 AM,2025,01,17,02,173.4,248,Very Unhealthy,156.0,UG/M3,1 Hr,Valid
Karachi,PM2.5 - Principal,2025-01-17 03:00 AM,2025,01,17,03,148.2,223,Very Unhealthy,123.0,UG/M3,1 Hr,Valid
Karachi,PM2.5 - Principal,2025-01-17 04:00 AM,2025,01,17,04,124.6,199,Unhealthy,101.0,UG/M3,1 Hr,Valid
Karachi,PM2.5 - Principal,2025-01-17 05:00 AM,2025,01,17,05,116.3,194,Unhealthy,108.0,UG/M3,1 Hr,Valid
Karachi,PM2.5 - Principal,2025-01-17 06:00 AM,2025,01,17,06,110.1,189,Unhealthy,104.0,UG/M3,1 Hr,Valid
Karachi,PM2.5 - Principal,2025-01-17 07:00 AM,2025,01,17,07,89.0,174,Unhealthy,68.0,UG/M3,1 Hr,Valid
Karachi,PM2.5 - Principal,2025-01-17 08:00 AM,2025,01,17,08,81.5,169,Unhealthy,74.0,UG/M3,1 Hr,Valid
Karachi,PM2.5 - Principal,2025-01-17 09:00 AM,2025,01,17,09,81.7,169,Unhealthy,82.0,UG/M3,1 Hr,Valid
Karachi,PM2.5 - Principal,2025-01-17 10:00 AM,2025,01,17,10,77.8,167,Unhealthy,74.0,UG/M3,1 Hr,Valid
Karachi,PM2.5 - Principal,2025-01-17 11:00 AM,2025,01,17,11,68.4,160,Unhealthy,59.0,UG/M3,1 Hr,Valid
Karachi,PM2.5 - Principal,2025-01-17 12:00 PM,2025,01,17,12,59.6,154,Unhealthy,51.0,UG/M3,1 Hr,Valid
Karachi,PM2.5 - Principal,2025-01-17 01:00 PM,2025,01,17,13,54.3,147,Unhealthy for Sensitive Groups,49.0,UG/M3,1 Hr,Valid
Karachi,PM2.5 - Principal,2025-01-17 02:00 PM,2025,01,17,14,55.6,151,Unhealthy,57.0,UG/M3,1 Hr,Valid
Karachi,PM2.5 - Principal,2025-01-17 03:00 PM,2025,01,17,15,51.3,140,Unhealthy for Sensitive Groups,47.0,UG/M3,1 Hr,Valid
Karachi,PM2.5 - Principal,2025-01-17 04:00 PM,2025,01,17,16,49.1,134,Unhealthy for Sensitive Groups,47.0,UG/M3,1 Hr,Valid
Karachi,PM2.5 - Principal,2025-01-17 05:00 PM,2025,01,17,17,52.0,142,Unhealthy for Sensitive Groups,55.0,UG/M3,1 Hr,Valid
Karachi,PM2.5 - Principal,2025-01-17 06:00 PM,2025,01,17,18,50.7,138,Unhealthy for Sensitive Groups,49.0,UG/M3,1 Hr,Valid
Karachi,PM2.5 - Principal,2025-01-17 07:00 PM,2025,01,17,19,49.5,135,Unhealthy for Sensitive Groups,48.0,UG/M3,1 Hr,Valid
Karachi,PM2.5 - Principal,2025-01-17 08:00 PM,2025,01,17,20,50.6,138,Unhealthy for Sensitive Groups,52.0,UG/M3,1 Hr,Valid
Karachi,PM2.5 - Principal,2025-01-17 09:00 PM,2025,01,17,21,62.1,156,Unhealthy,79.0,UG/M3,1 Hr,Valid
Karachi,PM2.5 - Principal,2025-01-17 10:00 PM,2025,01,17,22,63.6,157,Unhealthy,66.0,UG/M3,1 Hr,Valid
Karachi,PM2.5 - Principal,2025-01-17 11:00 PM,2025,01,17,23,68.6,160,Unhealthy,76.0,UG/M3,1 Hr,Valid
Karachi,PM2.5 - Principal,2025-01-18 12:00 AM,2025,01,18,00,72.8,163,Unhealthy,79.0,UG/M3,1 Hr,Valid
Karachi,PM2.5 - Principal,2025-01-18 01:00 AM,2025,01,18,01,81.2,169,Unhealthy,89.0,UG/M3,1 Hr,Valid
Karachi,PM2.5 - Principal,2025-01-18 02:00 AM,2025,01,18,02,77.3,166,Unhealthy,73.0,UG/M3,1 Hr,Valid
Karachi,PM2.5 - Principal,2025-01-18 03:00 AM,2025,01,18,03,78.1,167,Unhealthy,79.0,UG/M3,1 Hr,Valid
Karachi,PM2.5 - Principal,2025-01-18 04:00 AM,2025,01,18,04,80.8,169,Unhealthy,84.0,UG/M3,1 Hr,Valid
Karachi,PM2.5 - Principal,2025-01-18 05:00 AM,2025,01,18,05,83.6,171,Unhealthy,87.0,UG/M3,1 Hr,Valid
Karachi,PM2.5 - Principal,2025-01-18 06:00 AM,2025,01,18,06,86.1,172,Unhealthy,89.0,UG/M3,1 Hr,Valid
Karachi,PM2.5 - Principal,2025-01-18 07:00 AM,2025,01,18,07,90.1,175,Unhealthy,95.0,UG/M3,1 Hr,Valid
Karachi,PM2.5 - Principal,2025-01-18 08:00 AM,2025,01,18,08,91.3,176,Unhealthy,98.0,UG/M3,1 Hr,Valid
Karachi,PM2.5 - Principal,2025-01-18 09:00 AM,2025,01,18,09,99.1,182,Unhealthy,109.0,UG/M3,1 Hr,Valid
Karachi,PM2.5 - Principal,2025-01-18 10:00 AM,2025,01,18,10,101.2,183,Unhealthy,109.0,UG/M3,1 Hr,Valid
Karachi,PM2.5 - Principal,2025-01-18 11:00 AM,2025,01,18,11,95.6,179,Unhealthy,84.0,UG/M3,1 Hr,Valid
Karachi,PM2.5 - Principal,2025-01-18 12:00 PM,2025,01,18,12,88.4,174,Unhealthy,74.0,UG/M3,1 Hr,Valid
Karachi,PM2.5 - Principal,2025-01-18 01:00 PM,2025,01,18,13,83.9,171,Unhealthy,75.0,UG/M3,1 Hr,Valid
Karachi,PM2.5 - Principal,2025-01-18 02:00 PM,2025,01,18,14,77.8,167,Unhealthy,69.0,UG/M3,1 Hr,Valid
Karachi,PM2.5 - Principal,2025-01-18 03:00 PM,2025,01,18,15,71.3,162,Unhealthy,64.0,UG/M3,1 Hr,Valid
Karachi,PM2.5 - Principal,2025-01-18 04:00 PM,2025,01,18,16,62.9,156,Unhealthy,56.0,UG/M3,1 Hr,Valid
Karachi,PM2.5 - Principal,2025-01-18 05:00 PM,2025,01,18,17,58.8,153,Unhealthy,55.0,UG/M3,1 Hr,Valid
Karachi,PM2.5 - Principal,2025-01-18 06:00 PM,2025,01,18,18,63.8,157,Unhealthy,69.0,UG/M3,1 Hr,Valid
Karachi,PM2.5 - Principal,2025-01-18 07:00 PM,2025,01,18,19,88.9,174,Unhealthy,114.0,UG/M3,1 Hr,Valid
Karachi,PM2.5 - Principal,2025-01-18 08:00 PM,2025,01,18,20,122.4,198,Unhealthy,156.0,UG/M3,1 Hr,Valid
Karachi,PM2.5 - Principal,2025-01-18 09:00 PM,2025,01,18,21,109.7,189,Unhealthy,97.0,UG/M3,1 Hr,Valid
Karachi,PM2.5 - Principal,2025-01-18 10:00 PM,2025,01,18,22,108.8,188,Unhealthy,108.0,UG/M3,1 Hr,Valid
Karachi,PM2.5 - Principal,2025-01-18 11:00 PM,2025,01,18,23,106.4,187,Unhealthy,104.0,UG/M3,1 Hr,Valid
Karachi,PM2.5 - Principal,2025-01-19 12:00 AM,2025,01,19,00,114.2,192,Unhealthy,122.0,UG/M3,1 Hr,Valid
Karachi,PM2.5 - Principal,2025-01-19 01:00 AM,2025,01,19,01,132.6,208,Very Unhealthy,151.0,UG/M3,1 Hr,Valid
Karachi,PM2.5 - Principal,2025-01-19 02:00 AM,2025,01,19,02,138.3,214,Very Unhealthy,144.0,UG/M3,1 Hr,Valid
Karachi,PM2.5 - Principal,2025-01-19 03:00 AM,2025,01,19,03,126.1,202,Very Unhealthy,114.0,UG/M3,1 Hr,Valid
Karachi,PM2.5 - Principal,2025-01-19 04:00 AM,2025,01,19,04,110.5,190,Unhealthy,95.0,UG/M3,1 Hr,Valid
Karachi,PM2.5 - Principal,2025-01-19 05:00 AM,2025,01,19,05,107.8,188,Unhealthy,105.0,UG/M3,1 Hr,Valid
Karachi,PM2.5 - Principal,2025-01-19 06:00 AM,2025,01,19,06,100.0,182,Unhealthy,88.0,UG/M3,1 Hr,Valid
Karachi,PM2.5 - Principal,2025-01-19 07:00 AM,2025,01,19,07,88.6,174,Unhealthy,79.0,UG/M3,1 Hr,Valid
Karachi,PM2.5 - Principal,2025-01-19 08:00 AM,2025,01,19,08,87.2,173,Unhealthy,85.0,UG/M3,1 Hr,Valid
Karachi,PM2.5 - Principal,2025-01-19 09:00 AM,2025,01,19,09,92.3,177,Unhealthy,98.0,UG/M3,1 Hr,Valid
Karachi,PM2.5 - Principal,2025-01-19 10:00 AM,2025,01,19,10,98.8,181,Unhealthy,106.0,UG/M3,1 Hr,Valid
Karachi,PM2.5 - Principal,2025-01-19 11:00 AM,2025,01,19,11,103.6,185,Unhealthy,109.0,UG/M3,1 Hr,Valid
Karachi,PM2.5 - Principal,2025-01-19 12:00 PM,2025,01,19,12,159.0,234,Very Unhealthy,214.0,UG/M3,1 Hr,Valid
Karachi,PM2.5 - Principal,2025-01-19 01:00 PM,2025,01,19,13,115.0,193,Unhealthy,71.0,UG/M3,1 Hr,Valid
Karachi,PM2.5 - Principal,2025-01-19 02:00 PM,2025,01,19,14,92.0,177,Unhealthy,69.0,UG/M3,1 Hr,Valid
Karachi,PM2.5 - Principal,2025-01-19 03:00 PM,2025,01,19,15,71.4,162,Unhealthy,51.0,UG/M3,1 Hr,Valid
Karachi,PM2.5 - Principal,2025-01-19 04:00 PM,2025,01,19,16,74.7,164,Unhealthy,78.0,UG/M3,1 Hr,Valid
Karachi,PM2.5 - Principal,2025-01-19 05:00 PM,2025,01,19,17,83.3,170,Unhealthy,92.0,UG/M3,1 Hr,Valid
Karachi,PM2.5 - Principal,2025-01-19 06:00 PM,2025,01,19,18,82.6,170,Unhealthy,82.0,UG/M3,1 Hr,Valid
Karachi,PM2.5 - Principal,2025-01-19 07:00 PM,2025,01,19,19,95.8,179,Unhealthy,109.0,UG/M3,1 Hr,Valid
Karachi,PM2.5 - Principal,2025-01-19 08:00 PM,2025,01,19,20,85.9,172,Unhealthy,76.0,UG/M3,1 Hr,Valid
Karachi,PM2.5 - Principal,2025-01-19 09:00 PM,2025,01,19,21,80.9,169,Unhealthy,76.0,UG/M3,1 Hr,Valid
Karachi,PM2.5 - Principal,2025-01-19 10:00 PM,2025,01,19,22,83.4,171,Unhealthy,86.0,UG/M3,1 Hr,Valid
Karachi,PM2.5 - Principal,2025-01-19 11:00 PM,2025,01,19,23,93.2,177,Unhealthy,103.0,UG/M3,1 Hr,Valid
Karachi,PM2.5 - Principal,2025-01-20 12:00 AM,2025,01,20,00,101.6,183,Unhealthy,110.0,UG/M3,1 Hr,Valid
Karachi,PM2.5 - Principal,2025-01-20 01:00 AM,2025,01,20,01,103.8,185,Unhealthy,106.0,UG/M3,1 Hr,Valid
Karachi,PM2.5 - Principal,2025-01-20 02:00 AM,2025,01,20,02,105.9,186,Unhealthy,108.0,UG/M3,1 Hr,Valid
Karachi,PM2.5 - Principal,2025-01-20 03:00 AM,2025,01,20,03,99.6,182,Unhealthy,94.0,UG/M3,1 Hr,Valid
Karachi,PM2.5 - Principal,2025-01-20 04:00 AM,2025,01,20,04,92.3,177,Unhealthy,76.0,UG/M3,1 Hr,Valid
Karachi,PM2.5 - Principal,2025-01-20 05:00 AM,2025,01,20,05,86.6,173,Unhealthy,75.0,UG/M3,1 Hr,Valid
Karachi,PM2.5 - Principal,2025-01-20 06:00 AM,2025,01,20,06,83.5,171,Unhealthy,77.0,UG/M3,1 Hr,Valid
Karachi,PM2.5 - Principal,2025-01-20 07:00 AM,2025,01,20,07,81.0,169,Unhealthy,76.0,UG/M3,1 Hr,Valid
Karachi,PM2.5 - Principal,2025-01-20 08:00 AM,2025,01,20,08,82.9,170,Unhealthy,87.0,UG/M3,1 Hr,Valid
Karachi,PM2.5 - Principal,2025-01-20 09:00 AM,2025,01,20,09,88.7,174,Unhealthy,101.0,UG/M3,1 Hr,Valid
Karachi,PM2.5 - Principal,2025-01-20 10:00 AM,2025,01,20,10,94.0,178,Unhealthy,105.0,UG/M3,1 Hr,Valid
Karachi,PM2.5 - Principal,2025-01-20 11:00 AM,2025,01,20,11,94.3,178,Unhealthy,95.0,UG/M3,1 Hr,Valid
Karachi,PM2.5 - Principal,2025-01-20 12:00 PM,2025,01,20,12,88.4,174,Unhealthy,76.0,UG/M3,1 Hr,Valid
Karachi,PM2.5 - Principal,2025-01-20 01:00 PM,2025,01,20,13,81.1,169,Unhealthy,69.0,UG/M3,1 Hr,Valid
Karachi,PM2.5 - Principal,2025-01-20 02:00 PM,2025,01,20,14,71.8,162,Unhealthy,61.0,UG/M3,1 Hr,Valid
Karachi,PM2.5 - Principal,2025-01-20 03:00 PM,2025,01,20,15,62.0,156,Unhealthy,54.0,UG/M3,1 Hr,Valid
Karachi,PM2.5 - Principal,2025-01-20 04:00 PM,2025,01,20,16,62.0,156,Unhealthy,62.0,UG/M3,1 Hr,Valid
Karachi,PM2.5 - Principal,2025-01-20 05:00 PM,2025,01,20,17,71.2,162,Unhealthy,81.0,UG/M3,1 Hr,Valid
Karachi,PM2.5 - Principal,2025-01-20 06:00 PM,2025,01,20,18,79.3,168,Unhealthy,88.0,UG/M3,1 Hr,Valid
Karachi,PM2.5 - Principal,2025-01-20 07:00 PM,2025,01,20,19,85.0,172,Unhealthy,91.0,UG/M3,1 Hr,Valid
Karachi,PM2.5 - Principal,2025-01-20 08:00 PM,2025,01,20,20,95.3,179,Unhealthy,106.0,UG/M3,1 Hr,Valid
Karachi,PM2.5 - Principal,2025-01-20 09:00 PM,2025,01,20,21,98.1,181,Unhealthy,101.0,UG/M3,1 Hr,Valid
Karachi,PM2.5 - Principal,2025-01-20 10:00 PM,2025,01,20,22,129.6,205,Very Unhealthy,161.0,UG/M3,1 Hr,Valid
Karachi,PM2.5 - Principal,2025-01-20 11:00 PM,2025,01,20,23,160.3,235,Very Unhealthy,191.0,UG/M3,1 Hr,Valid
Karachi,PM2.5 - Principal,2025-01-21 12:00 AM,2025,01,21,00,149.1,224,Very Unhealthy,138.0,UG/M3,1 Hr,Valid
Karachi,PM2.5 - Principal,2025-01-21 01:00 AM,2025,01,21,01,168.1,243,Very Unhealthy,187.0,UG/M3,1 Hr,Valid
Karachi,PM2.5 - Principal,2025-01-21 02:00 AM,2025,01,21,02,160.5,236,Very Unhealthy,153.0,UG/M3,1 Hr,Valid
Karachi,PM2.5 - Principal,2025-01-21 03:00 AM,2025,01,21,03,171.2,246,Very Unhealthy,182.0,UG/M3,1 Hr,Valid
Karachi,PM2.5 - Principal,2025-01-21 04:00 AM,2025,01,21,04,162.6,238,Very Unhealthy,154.0,UG/M3,1 Hr,Valid
Karachi,PM2.5 - Principal,2025-01-21 05:00 AM,2025,01,21,05,158.8,234,Very Unhealthy,155.0,UG/M3,1 Hr,Valid
Karachi,PM2.5 - Principal,2025-01-21 06:00 AM,2025,01,21,06,153.9,229,Very Unhealthy,149.0,UG/M3,1 Hr,Valid
Karachi,PM2.5 - Principal,2025-01-21 07:00 AM,2025,01,21,07,143.8,219,Very Unhealthy,132.0,UG/M3,1 Hr,Valid
Karachi,PM2.5 - Principal,2025-01-21 08:00 AM,2025,01,21,08,156.1,231,Very Unhealthy,170.0,UG/M3,1 Hr,Valid
Karachi,PM2.5 - Principal,2025-01-21 09:00 AM,2025,01,21,09,156.2,231,Very Unhealthy,157.0,UG/M3,1 Hr,Valid
Karachi,PM2.5 - Principal,2025-01-21 10:00 AM,2025,01,21,10,150.8,226,Very Unhealthy,139.0,UG/M3,1 Hr,Valid
Karachi,PM2.5 - Principal,2025-01-21 11:00 AM,2025,01,21,11,157.7,233,Very Unhealthy,174.0,UG/M3,1 Hr,Valid
Karachi,PM2.5 - Principal,2025-01-21 12:00 PM,2025,01,21,12,157.9,233,Very Unhealthy,-999.0,UG/M3,1 Hr,Missing
Karachi,PM2.5 - Principal,2025-01-21 01:00 PM,2025,01,21,13,131.7,207,Very Unhealthy,108.0,UG/M3,1 Hr,Valid
Karachi,PM2.5 - Principal,2025-01-21 02:00 PM,2025,01,21,14,161.3,236,Very Unhealthy,192.0,UG/M3,1 Hr,Valid
Karachi,PM2.5 - Principal,2025-01-21 03:00 PM,2025,01,21,15,146.4,222,Very Unhealthy,130.0,UG/M3,1 Hr,Valid
Karachi,PM2.5 - Principal,2025-01-21 04:00 PM,2025,01,21,16,129.2,205,Very Unhealthy,109.0,UG/M3,1 Hr,Valid
Karachi,PM2.5 - Principal,2025-01-21 05:00 PM,2025,01,21,17,116.9,194,Unhealthy,104.0,UG/M3,1 Hr,Valid
Karachi,PM2.5 - Principal,2025-01-21 06:00 PM,2025,01,21,18,123.4,199,Unhealthy,131.0,UG/M3,1 Hr,Valid
Karachi,PM2.5 - Principal,2025-01-21 07:00 PM,2025,01,21,19,113.8,192,Unhealthy,103.0,UG/M3,1 Hr,Valid
Karachi,PM2.5 - Principal,2025-01-21 08:00 PM,2025,01,21,20,109.2,189,Unhealthy,104.0,UG/M3,1 Hr,Valid
Karachi,PM2.5 - Principal,2025-01-21 09:00 PM,2025,01,21,21,103.4,185,Unhealthy,98.0,UG/M3,1 Hr,Valid
Karachi,PM2.5 - Principal,2025-01-21 10:00 PM,2025,01,21,22,99.1,182,Unhealthy,95.0,UG/M3,1 Hr,Valid
Karachi,PM2.5 - Principal,2025-01-21 11:00 PM,2025,01,21,23,93.0,177,Unhealthy,87.0,UG/M3,1 Hr,Valid
Karachi,PM2.5 - Principal,2025-01-22 12:00 AM,2025,01,22,00,98.0,181,Unhealthy,103.0,UG/M3,1 Hr,Valid
Karachi,PM2.5 - Principal,2025-01-22 01:00 AM,2025,01,22,01,105.5,186,Unhealthy,113.0,UG/M3,1 Hr,Valid
Karachi,PM2.5 - Principal,2025-01-22 02:00 AM,2025,01,22,02,97.1,180,Unhealthy,85.0,UG/M3,1 Hr,Valid
Karachi,PM2.5 - Principal,2025-01-22 03:00 AM,2025,01,22,03,84.4,171,Unhealthy,71.0,UG/M3,1 Hr,Valid
Karachi,PM2.5 - Principal,2025-01-22 04:00 AM,2025,01,22,04,75.4,165,Unhealthy,67.0,UG/M3,1 Hr,Valid
Karachi,PM2.5 - Principal,2025-01-22 05:00 AM,2025,01,22,05,70.0,161,Unhealthy,65.0,UG/M3,1 Hr,Valid
Karachi,PM2.5 - Principal,2025-01-22 06:00 AM,2025,01,22,06,100.0,182,Unhealthy,130.0,UG/M3,1 Hr,Valid
Karachi,PM2.5 - Principal,2025-01-22 07:00 AM,2025,01,22,07,126.0,201,Very Unhealthy,152.0,UG/M3,1 Hr,Valid
Karachi,PM2.5 - Principal,2025-01-22 08:00 AM,2025,01,22,08,164.5,240,Very Unhealthy,203.0,UG/M3,1 Hr,Valid
Karachi,PM2.5 - Principal,2025-01-22 09:00 AM,2025,01,22,09,195.7,271,Very Unhealthy,227.0,UG/M3,1 Hr,Valid
Karachi,PM2.5 - Principal,2025-01-22 10:00 AM,2025,01,22,10,234.4,319,Hazardous,273.0,UG/M3,1 Hr,Valid
Karachi,PM2.5 - Principal,2025-01-22 11:00 AM,2025,01,22,11,222.2,297,Very Unhealthy,210.0,UG/M3,1 Hr,Valid
Karachi,PM2.5 - Principal,2025-01-22 12:00 PM,2025,01,22,12,164.6,240,Very Unhealthy,107.0,UG/M3,1 Hr,Valid
Karachi,PM2.5 - Principal,2025-01-22 01:00 PM,2025,01,22,13,123.3,199,Unhealthy,82.0,UG/M3,1 Hr,Valid
Karachi,PM2.5 - Principal,2025-01-22 02:00 PM,2025,01,22,14,97.6,181,Unhealthy,72.0,UG/M3,1 Hr,Valid
Karachi,PM2.5 - Principal,2025-01-22 03:00 PM,2025,01,22,15,68.8,160,Unhealthy,40.0,UG/M3,1 Hr,Valid
Karachi,PM2.5 - Principal,2025-01-22 04:00 PM,2025,01,22,16,54.9,149,Unhealthy for Sensitive Groups,41.0,UG/M3,1 Hr,Valid
Karachi,PM2.5 - Principal,2025-01-22 05:00 PM,2025,01,22,17,46.4,128,Unhealthy for Sensitive Groups,38.0,UG/M3,1 Hr,Valid
Karachi,PM2.5 - Principal,2025-01-22 06:00 PM,2025,01,22,18,40.2,113,Unhealthy for Sensitive Groups,34.0,UG/M3,1 Hr,Valid
Karachi,PM2.5 - Principal,2025-01-22 07:00 PM,2025,01,22,19,41.5,116,Unhealthy for Sensitive Groups,43.0,UG/M3,1 Hr,Valid
Karachi,PM2.5 - Principal,2025-01-22 08:00 PM,2025,01,22,20,54.7,148,Unhealthy for Sensitive Groups,68.0,UG/M3,1 Hr,Valid
Karachi,PM2.5 - Principal,2025-01-22 09:00 PM,2025,01,22,21,67.3,159,Unhealthy,80.0,UG/M3,1 Hr,Valid
Karachi,PM2.5 - Principal,2025-01-22 10:00 PM,2025,01,22,22,105.6,186,Unhealthy,144.0,UG/M3,1 Hr,Valid
Karachi,PM2.5 - Principal,2025-01-22 11:00 PM,2025,01,22,23,133.8,209,Very Unhealthy,162.0,UG/M3,1 Hr,Valid
Karachi,PM2.5 - Principal,2025-01-23 12:00 AM,2025,01,23,00,154.9,230,Very Unhealthy,176.0,UG/M3,1 Hr,Valid
Karachi,PM2.5 - Principal,2025-01-23 01:00 AM,2025,01,23,01,159.9,235,Very Unhealthy,165.0,UG/M3,1 Hr,Valid
Karachi,PM2.5 - Principal,2025-01-23 02:00 AM,2025,01,23,02,134.9,210,Very Unhealthy,110.0,UG/M3,1 Hr,Valid
Karachi,PM2.5 - Principal,2025-01-23 03:00 AM,2025,01,23,03,128.0,203,Very Unhealthy,121.0,UG/M3,1 Hr,Valid
Karachi,PM2.5 - Principal,2025-01-23 04:00 AM,2025,01,23,04,111.0,190,Unhealthy,94.0,UG/M3,1 Hr,Valid
Karachi,PM2.5 - Principal,2025-01-23 05:00 AM,2025,01,23,05,98.5,181,Unhealthy,86.0,UG/M3,1 Hr,Valid
Karachi,PM2.5 - Principal,2025-01-23 06:00 AM,2025,01,23,06,91.7,176,Unhealthy,85.0,UG/M3,1 Hr,Valid
Karachi,PM2.5 - Principal,2025-01-23 07:00 AM,2025,01,23,07,86.3,173,Unhealthy,81.0,UG/M3,1 Hr,Valid
Karachi,PM2.5 - Principal,2025-01-23 08:00 AM,2025,01,23,08,74.6,164,Unhealthy,63.0,UG/M3,1 Hr,Valid
Karachi,PM2.5 - Principal,2025-01-23 09:00 AM,2025,01,23,09,77.3,166,Unhealthy,80.0,UG/M3,1 Hr,Valid
Karachi,PM2.5 - Principal,2025-01-23 10:00 AM,2025,01,23,10,74.6,164,Unhealthy,72.0,UG/M3,1 Hr,Valid
Karachi,PM2.5 - Principal,2025-01-23 11:00 AM,2025,01,23,11,58.8,153,Unhealthy,43.0,UG/M3,1 Hr,Valid
Karachi,PM2.5 - Principal,2025-01-23 12:00 PM,2025,01,23,12,50.8,139,Unhealthy for Sensitive Groups,43.0,UG/M3,1 Hr,Valid
Karachi,PM2.5 - Principal,2025-01-23 01:00 PM,2025,01,23,13,41.9,117,Unhealthy for Sensitive Groups,33.0,UG/M3,1 Hr,Valid
Karachi,PM2.5 - Principal,2025-01-23 02:00 PM,2025,01,23,14,35.4,100,Moderate,29.0,UG/M3,1 Hr,Valid
Karachi,PM2.5 - Principal,2025-01-23 03:00 PM,2025,01,23,15,35.4,100,Moderate,-15.0,UG/M3,1 Hr,Invalid
Karachi,PM2.5 - Principal,2025-01-23 04:00 PM,2025,01,23,16,29.8,90,Moderate,27.0,UG/M3,1 Hr,Valid
Karachi,PM2.5 - Principal,2025-01-23 05:00 PM,2025,01,23,17,26.4,83,Moderate,24.0,UG/M3,1 Hr,Valid
Karachi,PM2.5 - Principal,2025-01-23 06:00 PM,2025,01,23,18,33.1,96,Moderate,39.0,UG/M3,1 Hr,Valid
Karachi,PM2.5 - Principal,2025-01-23 07:00 PM,2025,01,23,19,39.7,111,Unhealthy for Sensitive Groups,46.0,UG/M3,1 Hr,Valid
Karachi,PM2.5 - Principal,2025-01-23 08:00 PM,2025,01,23,20,43.9,122,Unhealthy for Sensitive Groups,48.0,UG/M3,1 Hr,Valid
Karachi,PM2.5 - Principal,2025-01-23 09:00 PM,2025,01,23,21,51.5,140,Unhealthy for Sensitive Groups,59.0,UG/M3,1 Hr,Valid
Karachi,PM2.5 - Principal,2025-01-23 10:00 PM,2025,01,23,22,53.2,145,Unhealthy for Sensitive Groups,55.0,UG/M3,1 Hr,Valid
Karachi,PM2.5 - Principal,2025-01-23 11:00 PM,2025,01,23,23,45.1,125,Unhealthy for Sensitive Groups,37.0,UG/M3,1 Hr,Valid
Karachi,PM2.5 - Principal,2025-01-24 12:00 AM,2025,01,24,00,46.5,128,Unhealthy for Sensitive Groups,48.0,UG/M3,1 Hr,Valid
Karachi,PM2.5 - Principal,2025-01-24 01:00 AM,2025,01,24,01,53.7,146,Unhealthy for Sensitive Groups,61.0,UG/M3,1 Hr,Valid
Karachi,PM2.5 - Principal,2025-01-24 02:00 AM,2025,01,24,02,60.9,155,Unhealthy,68.0,UG/M3,1 Hr,Valid
Karachi,PM2.5 - Principal,2025-01-24 03:00 AM,2025,01,24,03,55.9,151,Unhealthy,51.0,UG/M3,1 Hr,Valid
Karachi,PM2.5 - Principal,2025-01-24 04:00 AM,2025,01,24,04,50.9,139,Unhealthy for Sensitive Groups,46.0,UG/M3,1 Hr,Valid
Karachi,PM2.5 - Principal,2025-01-24 05:00 AM,2025,01,24,05,48.4,133,Unhealthy for Sensitive Groups,45.0,UG/M3,1 Hr,Valid
Karachi,PM2.5 - Principal,2025-01-24 06:00 AM,2025,01,24,06,60.9,155,Unhealthy,74.0,UG/M3,1 Hr,Valid
Karachi,PM2.5 - Principal,2025-01-24 07:00 AM,2025,01,24,07,89.0,174,Unhealthy,117.0,UG/M3,1 Hr,Valid
Karachi,PM2.5 - Principal,2025-01-24 08:00 AM,2025,01,24,08,113.0,191,Unhealthy,137.0,UG/M3,1 Hr,Valid
Karachi,PM2.5 - Principal,2025-01-24 09:00 AM,2025,01,24,09,121.5,197,Unhealthy,130.0,UG/M3,1 Hr,Valid
Karachi,PM2.5 - Principal,2025-01-24 10:00 AM,2025,01,24,10,100.7,183,Unhealthy,80.0,UG/M3,1 Hr,Valid
Karachi,PM2.5 - Principal,2025-01-24 11:00 AM,2025,01,24,11,80.8,169,Unhealthy,61.0,UG/M3,1 Hr,Valid
Karachi,PM2.5 - Principal,2025-01-24 12:00 PM,2025,01,24,12,59.4,154,Unhealthy,38.0,UG/M3,1 Hr,Valid
Karachi,PM2.5 - Principal,2025-01-24 01:00 PM,2025,01,24,13,47.2,130,Unhealthy for Sensitive Groups,35.0,UG/M3,1 Hr,Valid
Karachi,PM2.5 - Principal,2025-01-24 02:00 PM,2025,01,24,14,35.1,99,Moderate,23.0,UG/M3,1 Hr,Valid
Karachi,PM2.5 - Principal,2025-01-24 03:00 PM,2025,01,24,15,31.0,92,Moderate,27.0,UG/M3,1 Hr,Valid
Karachi,PM2.5 - Principal,2025-01-24 04:00 PM,2025,01,24,16,27.0,84,Moderate,23.0,UG/M3,1 Hr,Valid
Karachi,PM2.5 - Principal,2025-01-24 05:00 PM,2025,01,24,17,25.5,82,Moderate,24.0,UG/M3,1 Hr,Valid
Karachi,PM2.5 - Principal,2025-01-24 06:00 PM,2025,01,24,18,26.7,84,Moderate,28.0,UG/M3,1 Hr,Valid
Karachi,PM2.5 - Principal,2025-01-24 07:00 PM,2025,01,24,19,32.3,94,Moderate,38.0,UG/M3,1 Hr,Valid
Karachi,PM2.5 - Principal,2025-01-24 08:00 PM,2025,01,24,20,43.1,120,Unhealthy for Sensitive Groups,54.0,UG/M3,1 Hr,Valid
Karachi,PM2.5 - Principal,2025-01-24 09:00 PM,2025,01,24,21,52.5,143,Unhealthy for Sensitive Groups,62.0,UG/M3,1 Hr,Valid
Karachi,PM2.5 - Principal,2025-01-24 10:00 PM,2025,01,24,22,69.2,161,Unhealthy,86.0,UG/M3,1 Hr,Valid
Karachi,PM2.5 - Principal,2025-01-24 11:00 PM,2025,01,24,23,73.6,164,Unhealthy,78.0,UG/M3,1 Hr,Valid
Karachi,PM2.5 - Principal,2025-01-25 12:00 AM,2025,01,25,00,86.8,173,Unhealthy,100.0,UG/M3,1 Hr,Valid
Karachi,PM2.5 - Principal,2025-01-25 01:00 AM,2025,01,25,01,83.4,171,Unhealthy,80.0,UG/M3,1 Hr,Valid
Karachi,PM2.5 - Principal,2025-01-25 02:00 AM,2025,01,25,02,75.7,165,Unhealthy,68.0,UG/M3,1 Hr,Valid
Karachi,PM2.5 - Principal,2025-01-25 03:00 AM,2025,01,25,03,69.8,161,Unhealthy,64.0,UG/M3,1 Hr,Valid
Karachi,PM2.5 - Principal,2025-01-25 04:00 AM,2025,01,25,04,56.9,152,Unhealthy,44.0,UG/M3,1 Hr,Valid
Karachi,PM2.5 - Principal,2025-01-25 05:00 AM,2025,01,25,05,50.4,138,Unhealthy for Sensitive Groups,44.0,UG/M3,1 Hr,Valid
Karachi,PM2.5 - Principal,2025-01-25 06:00 AM,2025,01,25,06,52.2,142,Unhealthy for Sensitive Groups,54.0,UG/M3,1 Hr,Valid
Karachi,PM2.5 - Principal,2025-01-25 07:00 AM,2025,01,25,07,61.6,155,Unhealthy,71.0,UG/M3,1 Hr,Valid
Karachi,PM2.5 - Principal,2025-01-25 08:00 AM,2025,01,25,08,54.3,147,Unhealthy for Sensitive Groups,47.0,UG/M3,1 Hr,Valid
Karachi,PM2.5 - Principal,2025-01-25 09:00 AM,2025,01,25,09,60.1,154,Unhealthy,66.0,UG/M3,1 Hr,Valid
Karachi,PM2.5 - Principal,2025-01-25 10:00 AM,2025,01,25,10,62.5,156,Unhealthy,65.0,UG/M3,1 Hr,Valid
Karachi,PM2.5 - Principal,2025-01-25 11:00 AM,2025,01,25,11,62.2,156,Unhealthy,62.0,UG/M3,1 Hr,Valid
Karachi,PM2.5 - Principal,2025-01-25 12:00 PM,2025,01,25,12,57.9,153,Unhealthy,53.0,UG/M3,1 Hr,Valid
Karachi,PM2.5 - Principal,2025-01-25 01:00 PM,2025,01,25,13,42.8,119,Unhealthy for Sensitive Groups,28.0,UG/M3,1 Hr,Valid
Karachi,PM2.5 - Principal,2025-01-25 02:00 PM,2025,01,25,14,33.9,97,Moderate,25.0,UG/M3,1 Hr,Valid
Karachi,PM2.5 - Principal,2025-01-25 03:00 PM,2025,01,25,15,30.4,91,Moderate,27.0,UG/M3,1 Hr,Valid
Karachi,PM2.5 - Principal,2025-01-25 04:00 PM,2025,01,25,16,40.7,114,Unhealthy for Sensitive Groups,51.0,UG/M3,1 Hr,Valid
Karachi,PM2.5 - Principal,2025-01-25 05:00 PM,2025,01,25,17,36.8,104,Unhealthy for Sensitive Groups,33.0,UG/M3,1 Hr,Valid
Karachi,PM2.5 - Principal,2025-01-25 06:00 PM,2025,01,25,18,31.9,93,Moderate,27.0,UG/M3,1 Hr,Valid
Karachi,PM2.5 - Principal,2025-01-25 07:00 PM,2025,01,25,19,31.9,93,Moderate,32.0,UG/M3,1 Hr,Valid
Karachi,PM2.5 - Principal,2025-01-25 08:00 PM,2025,01,25,20,33.4,96,Moderate,35.0,UG/M3,1 Hr,Valid
Karachi,PM2.5 - Principal,2025-01-25 09:00 PM,2025,01,25,21,46.7,129,Unhealthy for Sensitive Groups,60.0,UG/M3,1 Hr,Valid
Karachi,PM2.5 - Principal,2025-01-25 10:00 PM,2025,01,25,22,70.3,161,Unhealthy,94.0,UG/M3,1 Hr,Valid
Karachi,PM2.5 - Principal,2025-01-25 11:00 PM,2025,01,25,23,112.1,191,Unhealthy,154.0,UG/M3,1 Hr,Valid
Karachi,PM2.5 - Principal,2025-01-26 12:00 AM,2025,01,26,00,151.1,226,Very Unhealthy,190.0,UG/M3,1 Hr,Valid
Karachi,PM2.5 - Principal,2025-01-26 01:00 AM,2025,01,26,01,152.0,227,Very Unhealthy,153.0,UG/M3,1 Hr,Valid
Karachi,PM2.5 - Principal,2025-01-26 02:00 AM,2025,01,26,02,154.0,229,Very Unhealthy,156.0,UG/M3,1 Hr,Valid
Karachi,PM2.5 - Principal,2025-01-26 03:00 AM,2025,01,26,03,190.0,265,Very Unhealthy,226.0,UG/M3,1 Hr,Valid
Karachi,PM2.5 - Principal,2025-01-26 04:00 AM,2025,01,26,04,201.0,276,Very Unhealthy,212.0,UG/M3,1 Hr,Valid
Karachi,PM2.5 - Principal,2025-01-26 05:00 AM,2025,01,26,05,153.5,229,Very Unhealthy,106.0,UG/M3,1 Hr,Valid
Karachi,PM2.5 - Principal,2025-01-26 06:00 AM,2025,01,26,06,110.2,189,Unhealthy,67.0,UG/M3,1 Hr,Valid
Karachi,PM2.5 - Principal,2025-01-26 07:00 AM,2025,01,26,07,120.6,197,Unhealthy,131.0,UG/M3,1 Hr,Valid
Karachi,PM2.5 - Principal,2025-01-26 08:00 AM,2025,01,26,08,124.8,200,Unhealthy,129.0,UG/M3,1 Hr,Valid
Karachi,PM2.5 - Principal,2025-01-26 09:00 AM,2025,01,26,09,152.4,228,Very Unhealthy,180.0,UG/M3,1 Hr,Valid
Karachi,PM2.5 - Principal,2025-01-26 10:00 AM,2025,01,26,10,147.7,223,Very Unhealthy,143.0,UG/M3,1 Hr,Valid
Karachi,PM2.5 - Principal,2025-01-26 11:00 AM,2025,01,26,11,124.3,199,Unhealthy,101.0,UG/M3,1 Hr,Valid
Karachi,PM2.5 - Principal,2025-01-26 12:00 PM,2025,01,26,12,112.6,191,Unhealthy,101.0,UG/M3,1 Hr,Valid
Karachi,PM2.5 - Principal,2025-01-26 01:00 PM,2025,01,26,13,90.8,176,Unhealthy,69.0,UG/M3,1 Hr,Valid
Karachi,PM2.5 - Principal,2025-01-26 02:00 PM,2025,01,26,14,79.9,168,Unhealthy,69.0,UG/M3,1 Hr,Valid
Karachi,PM2.5 - Principal,2025-01-26 03:00 PM,2025,01,26,15,58.4,153,Unhealthy,37.0,UG/M3,1 Hr,Valid
Karachi,PM2.5 - Principal,2025-01-26 04:00 PM,2025,01,26,16,46.1,127,Unhealthy for Sensitive Groups,34.0,UG/M3,1 Hr,Valid
Karachi,PM2.5 - Principal,2025-01-26 05:00 PM,2025,01,26,17,38.0,107,Unhealthy for Sensitive Groups,30.0,UG/M3,1 Hr,Valid
Karachi,PM2.5 - Principal,2025-01-26 06:00 PM,2025,01,26,18,32.5,95,Moderate,27.0,UG/M3,1 Hr,Valid
Karachi,PM2.5 - Principal,2025-01-26 07:00 PM,2025,01,26,19,30.7,91,Moderate,29.0,UG/M3,1 Hr,Valid
Karachi,PM2.5 - Principal,2025-01-26 08:00 PM,2025,01,26,20,32.8,95,Moderate,35.0,UG/M3,1 Hr,Valid
Karachi,PM2.5 - Principal,2025-01-26 09:00 PM,2025,01,26,21,35.9,102,Unhealthy for Sensitive Groups,39.0,UG/M3,1 Hr,Valid
Karachi,PM2.5 - Principal,2025-01-26 10:00 PM,2025,01,26,22,31.9,93,Moderate,28.0,UG/M3,1 Hr,Valid
Karachi,PM2.5 - Principal,2025-01-26 11:00 PM,2025,01,26,23,40.9,114,Unhealthy for Sensitive Groups,50.0,UG/M3,1 Hr,Valid
Karachi,PM2.5 - Principal,2025-01-27 12:00 AM,2025,01,27,00,49.9,136,Unhealthy for Sensitive Groups,59.0,UG/M3,1 Hr,Valid
Karachi,PM2.5 - Principal,2025-01-27 01:00 AM,2025,01,27,01,47.9,132,Unhealthy for Sensitive Groups,46.0,UG/M3,1 Hr,Valid
Karachi,PM2.5 - Principal,2025-01-27 02:00 AM,2025,01,27,02,52.4,143,Unhealthy for Sensitive Groups,57.0,UG/M3,1 Hr,Valid
Karachi,PM2.5 - Principal,2025-01-27 03:00 AM,2025,01,27,03,67.2,159,Unhealthy,82.0,UG/M3,1 Hr,Valid
Karachi,PM2.5 - Principal,2025-01-27 04:00 AM,2025,01,27,04,66.1,158,Unhealthy,65.0,UG/M3,1 Hr,Valid
Karachi,PM2.5 - Principal,2025-01-27 05:00 AM,2025,01,27,05,61.5,155,Unhealthy,57.0,UG/M3,1 Hr,Valid
Karachi,PM2.5 - Principal,2025-01-27 06:00 AM,2025,01,27,06,71.2,162,Unhealthy,81.0,UG/M3,1 Hr,Valid
Karachi,PM2.5 - Principal,2025-01-27 07:00 AM,2025,01,27,07,91.1,176,Unhealthy,111.0,UG/M3,1 Hr,Valid
Karachi,PM2.5 - Principal,2025-01-27 08:00 AM,2025,01,27,08,130.0,205,Very Unhealthy,169.0,UG/M3,1 Hr,Valid
Karachi,PM2.5 - Principal,2025-01-27 09:00 AM,2025,01,27,09,170.0,245,Very Unhealthy,210.0,UG/M3,1 Hr,Valid
Karachi,PM2.5 - Principal,2025-01-27 10:00 AM,2025,01,27,10,206.0,281,Very Unhealthy,242.0,UG/M3,1 Hr,Valid
Karachi,PM2.5 - Principal,2025-01-27 11:00 AM,2025,01,27,11,188.5,263,Very Unhealthy,171.0,UG/M3,1 Hr,Valid
Karachi,PM2.5 - Principal,2025-01-27 12:00 PM,2025,01,27,12,148.2,223,Very Unhealthy,108.0,UG/M3,1 Hr,Valid
Karachi,PM2.5 - Principal,2025-01-27 01:00 PM,2025,01,27,13,121.1,197,Unhealthy,94.0,UG/M3,1 Hr,Valid
Karachi,PM2.5 - Principal,2025-01-27 02:00 PM,2025,01,27,14,105.5,186,Unhealthy,90.0,UG/M3,1 Hr,Valid
Karachi,PM2.5 - Principal,2025-01-27 03:00 PM,2025,01,27,15,73.2,163,Unhealthy,41.0,UG/M3,1 Hr,Valid
Karachi,PM2.5 - Principal,2025-01-27 04:00 PM,2025,01,27,16,53.1,144,Unhealthy for Sensitive Groups,33.0,UG/M3,1 Hr,Valid
Karachi,PM2.5 - Principal,2025-01-27 05:00 PM,2025,01,27,17,43.0,119,Unhealthy for Sensitive Groups,33.0,UG/M3,1 Hr,Valid
Karachi,PM2.5 - Principal,2025-01-27 06:00 PM,2025,01,27,18,37.0,105,Unhealthy for Sensitive Groups,31.0,UG/M3,1 Hr,Valid
Karachi,PM2.5 - Principal,2025-01-27 07:00 PM,2025,01,27,19,33.0,96,Moderate,29.0,UG/M3,1 Hr,Valid
Karachi,PM2.5 - Principal,2025-01-27 08:00 PM,2025,01,27,20,30.9,92,Moderate,29.0,UG/M3,1 Hr,Valid
Karachi,PM2.5 - Principal,2025-01-27 09:00 PM,2025,01,27,21,34.9,99,Moderate,39.0,UG/M3,1 Hr,Valid
Karachi,PM2.5 - Principal,2025-01-27 10:00 PM,2025,01,27,22,42.4,118,Unhealthy for Sensitive Groups,50.0,UG/M3,1 Hr,Valid
Karachi,PM2.5 - Principal,2025-01-27 11:00 PM,2025,01,27,23,47.2,130,Unhealthy for Sensitive Groups,52.0,UG/M3,1 Hr,Valid
Karachi,PM2.5 - Principal,2025-01-28 12:00 AM,2025,01,28,00,60.1,154,Unhealthy,73.0,UG/M3,1 Hr,Valid
Karachi,PM2.5 - Principal,2025-01-28 01:00 AM,2025,01,28,01,76.5,166,Unhealthy,93.0,UG/M3,1 Hr,Valid
Karachi,PM2.5 - Principal,2025-01-28 02:00 AM,2025,01,28,02,84.2,171,Unhealthy,92.0,UG/M3,1 Hr,Valid
Karachi,PM2.5 - Principal,2025-01-28 03:00 AM,2025,01,28,03,60.1,154,Unhealthy,36.0,UG/M3,1 Hr,Valid
Karachi,PM2.5 - Principal,2025-01-28 04:00 AM,2025,01,28,04,59.5,154,Unhealthy,59.0,UG/M3,1 Hr,Valid
Karachi,PM2.5 - Principal,2025-01-28 05:00 AM,2025,01,28,05,83.2,170,Unhealthy,107.0,UG/M3,1 Hr,Valid
Karachi,PM2.5 - Principal,2025-01-28 06:00 AM,2025,01,28,06,113.1,191,Unhealthy,143.0,UG/M3,1 Hr,Valid
Karachi,PM2.5 - Principal,2025-01-28 07:00 AM,2025,01,28,07,119.0,196,Unhealthy,125.0,UG/M3,1 Hr,Valid
Karachi,PM2.5 - Principal,2025-01-28 08:00 AM,2025,01,28,08,135.5,211,Very Unhealthy,152.0,UG/M3,1 Hr,Valid
Karachi,PM2.5 - Principal,2025-01-28 09:00 AM,2025,01,28,09,162.7,238,Very Unhealthy,190.0,UG/M3,1 Hr,Valid
Karachi,PM2.5 - Principal,2025-01-28 10:00 AM,2025,01,28,10,221.4,296,Very Unhealthy,280.0,UG/M3,1 Hr,Valid
Karachi,PM2.5 - Principal,2025-01-28 11:00 AM,2025,01,28,11,204.2,279,Very Unhealthy,187.0,UG/M3,1 Hr,Valid
Karachi,PM2.5 - Principal,2025-01-28 12:00 PM,2025,01,28,12,214.1,289,Very Unhealthy,224.0,UG/M3,1 Hr,Valid
Karachi,PM2.5 - Principal,2025-01-28 01:00 PM,2025,01,28,13,186.5,261,Very Unhealthy,159.0,UG/M3,1 Hr,Valid
Karachi,PM2.5 - Principal,2025-01-28 02:00 PM,2025,01,28,14,135.2,211,Very Unhealthy,84.0,UG/M3,1 Hr,Valid
Karachi,PM2.5 - Principal,2025-01-28 03:00 PM,2025,01,28,15,83.1,170,Unhealthy,31.0,UG/M3,1 Hr,Valid
Karachi,PM2.5 - Principal,2025-01-28 04:00 PM,2025,01,28,16,54.5,148,Unhealthy for Sensitive Groups,26.0,UG/M3,1 Hr,Valid
Karachi,PM2.5 - Principal,2025-01-28 05:00 PM,2025,01,28,17,37.7,106,Unhealthy for Sensitive Groups,21.0,UG/M3,1 Hr,Valid
Karachi,PM2.5 - Principal,2025-01-28 06:00 PM,2025,01,28,18,28.8,88,Moderate,20.0,UG/M3,1 Hr,Valid
Karachi,PM2.5 - Principal,2025-01-28 07:00 PM,2025,01,28,19,26.4,83,Moderate,24.0,UG/M3,1 Hr,Valid
Karachi,PM2.5 - Principal,2025-01-28 08:00 PM,2025,01,28,20,23.1,77,Moderate,20.0,UG/M3,1 Hr,Valid
Karachi,PM2.5 - Principal,2025-01-28 09:00 PM,2025,01,28,21,31.0,92,Moderate,39.0,UG/M3,1 Hr,Valid
Karachi,PM2.5 - Principal,2025-01-28 10:00 PM,2025,01,28,22,26.5,83,Moderate,22.0,UG/M3,1 Hr,Valid
Karachi,PM2.5 - Principal,2025-01-28 11:00 PM,2025,01,28,23,26.2,83,Moderate,26.0,UG/M3,1 Hr,Valid
Karachi,PM2.5 - Principal,2025-01-29 12:00 AM,2025,01,29,00,28.5,87,Moderate,31.0,UG/M3,1 Hr,Valid
Karachi,PM2.5 - Principal,2025-01-29 01:00 AM,2025,01,29,01,32.7,95,Moderate,37.0,UG/M3,1 Hr,Valid
Karachi,PM2.5 - Principal,2025-01-29 02:00 AM,2025,01,29,02,33.7,97,Moderate,35.0,UG/M3,1 Hr,Valid
Karachi,PM2.5 - Principal,2025-01-29 03:00 AM,2025,01,29,03,31.9,93,Moderate,30.0,UG/M3,1 Hr,Valid
Karachi,PM2.5 - Principal,2025-01-29 04:00 AM,2025,01,29,04,34.4,98,Moderate,37.0,UG/M3,1 Hr,Valid
Karachi,PM2.5 - Principal,2025-01-29 05:00 AM,2025,01,29,05,34.2,98,Moderate,34.0,UG/M3,1 Hr,Valid
Karachi,PM2.5 - Principal,2025-01-29 06:00 AM,2025,01,29,06,39.1,110,Unhealthy for Sensitive Groups,44.0,UG/M3,1 Hr,Valid
Karachi,PM2.5 - Principal,2025-01-29 07:00 AM,2025,01,29,07,51.5,140,Unhealthy for Sensitive Groups,64.0,UG/M3,1 Hr,Valid
Karachi,PM2.5 - Principal,2025-01-29 08:00 AM,2025,01,29,08,61.2,155,Unhealthy,71.0,UG/M3,1 Hr,Valid
Karachi,PM2.5 - Principal,2025-01-29 09:00 AM,2025,01,29,09,48.1,132,Unhealthy for Sensitive Groups,35.0,UG/M3,1 Hr,Valid
Karachi,PM2.5 - Principal,2025-01-29 10:00 AM,2025,01,29,10,40.0,112,Unhealthy for Sensitive Groups,32.0,UG/M3,1 Hr,Valid
Karachi,PM2.5 - Principal,2025-01-29 11:00 AM,2025,01,29,11,28.0,86,Moderate,16.0,UG/M3,1 Hr,Valid
Karachi,PM2.5 - Principal,2025-01-29 12:00 PM,2025,01,29,12,22.0,75,Moderate,16.0,UG/M3,1 Hr,Valid
Karachi,PM2.5 - Principal,2025-01-29 01:00 PM,2025,01,29,13,20.5,72,Moderate,19.0,UG/M3,1 Hr,Valid
Karachi,PM2.5 - Principal,2025-01-29 02:00 PM,2025,01,29,14,19.7,71,Moderate,19.0,UG/M3,1 Hr,Valid
Karachi,PM2.5 - Principal,2025-01-29 03:00 PM,2025,01,29,15,18.8,69,Moderate,18.0,UG/M3,1 Hr,Valid
Karachi,PM2.5 - Principal,2025-01-29 04:00 PM,2025,01,29,16,20.4,72,Moderate,22.0,UG/M3,1 Hr,Valid
Karachi,PM2.5 - Principal,2025-01-29 05:00 PM,2025,01,29,17,21.2,74,Moderate,22.0,UG/M3,1 Hr,Valid
Karachi,PM2.5 - Principal,2025-01-29 06:00 PM,2025,01,29,18,21.1,73,Moderate,21.0,UG/M3,1 Hr,Valid
Karachi,PM2.5 - Principal,2025-01-29 07:00 PM,2025,01,29,19,19.5,70,Moderate,18.0,UG/M3,1 Hr,Valid
Karachi,PM2.5 - Principal,2025-01-29 08:00 PM,2025,01,29,20,21.7,74,Moderate,24.0,UG/M3,1 Hr,Valid
Karachi,PM2.5 - Principal,2025-01-29 09:00 PM,2025,01,29,21,23.3,77,Moderate,25.0,UG/M3,1 Hr,Valid
Karachi,PM2.5 - Principal,2025-01-29 10:00 PM,2025,01,29,22,27.6,85,Moderate,32.0,UG/M3,1 Hr,Valid
Karachi,PM2.5 - Principal,2025-01-29 11:00 PM,2025,01,29,23,33.8,97,Moderate,40.0,UG/M3,1 Hr,Valid
Karachi,PM2.5 - Principal,2025-01-30 12:00 AM,2025,01,30,00,40.9,114,Unhealthy for Sensitive Groups,48.0,UG/M3,1 Hr,Valid
Karachi,PM2.5 - Principal,2025-01-30 01:00 AM,2025,01,30,01,47.4,130,Unhealthy for Sensitive Groups,54.0,UG/M3,1 Hr,Valid
Karachi,PM2.5 - Principal,2025-01-30 02:00 AM,2025,01,30,02,50.7,138,Unhealthy for Sensitive Groups,54.0,UG/M3,1 Hr,Valid
Karachi,PM2.5 - Principal,2025-01-30 03:00 AM,2025,01,30,03,55.8,151,Unhealthy,61.0,UG/M3,1 Hr,Valid
Karachi,PM2.5 - Principal,2025-01-30 04:00 AM,2025,01,30,04,67.4,159,Unhealthy,79.0,UG/M3,1 Hr,Valid
Karachi,PM2.5 - Principal,2025-01-30 05:00 AM,2025,01,30,05,69.7,161,Unhealthy,72.0,UG/M3,1 Hr,Valid
Karachi,PM2.5 - Principal,2025-01-30 06:00 AM,2025,01,30,06,71.8,162,Unhealthy,74.0,UG/M3,1 Hr,Valid
Karachi,PM2.5 - Principal,2025-01-30 07:00 AM,2025,01,30,07,66.4,159,Unhealthy,61.0,UG/M3,1 Hr,Valid
Karachi,PM2.5 - Principal,2025-01-30 08:00 AM,2025,01,30,08,65.2,158,Unhealthy,64.0,UG/M3,1 Hr,Valid
Karachi,PM2.5 - Principal,2025-01-30 09:00 AM,2025,01,30,09,82.1,170,Unhealthy,99.0,UG/M3,1 Hr,Valid
Karachi,PM2.5 - Principal,2025-01-30 10:00 AM,2025,01,30,10,86.0,172,Unhealthy,90.0,UG/M3,1 Hr,Valid
Karachi,PM2.5 - Principal,2025-01-30 11:00 AM,2025,01,30,11,69.5,161,Unhealthy,53.0,UG/M3,1 Hr,Valid
Karachi,PM2.5 - Principal,2025-01-30 12:00 PM,2025,01,30,12,55.7,151,Unhealthy,42.0,UG/M3,1 Hr,Valid
Karachi,PM2.5 - Principal,2025-01-30 01:00 PM,2025,01,30,13,49.3,135,Unhealthy for Sensitive Groups,43.0,UG/M3,1 Hr,Valid
Karachi,PM2.5 - Principal,2025-01-30 02:00 PM,2025,01,30,14,47.1,130,Unhealthy for Sensitive Groups,45.0,UG/M3,1 Hr,Valid
Karachi,PM2.5 - Principal,2025-01-30 03:00 PM,2025,01,30,15,39.5,111,Unhealthy for Sensitive Groups,32.0,UG/M3,1 Hr,Valid
Karachi,PM2.5 - Principal,2025-01-30 04:00 PM,2025,01,30,16,44.2,122,Unhealthy for Sensitive Groups,49.0,UG/M3,1 Hr,Valid
Karachi,PM2.5 - Principal,2025-01-30 05:00 PM,2025,01,30,17,45.6,126,Unhealthy for Sensitive Groups,47.0,UG/M3,1 Hr,Valid
Karachi,PM2.5 - Principal,2025-01-30 06:00 PM,2025,01,30,18,48.3,133,Unhealthy for Sensitive Groups,51.0,UG/M3,1 Hr,Valid
Karachi,PM2.5 - Principal,2025-01-30 07:00 PM,2025,01,30,19,47.6,131,Unhealthy for Sensitive Groups,47.0,UG/M3,1 Hr,Valid
Karachi,PM2.5 - Principal,2025-01-30 08:00 PM,2025,01,30,20,46.3,128,Unhealthy for Sensitive Groups,45.0,UG/M3,1 Hr,Valid
Karachi,PM2.5 - Principal,2025-01-30 09:00 PM,2025,01,30,21,43.6,121,Unhealthy for Sensitive Groups,41.0,UG/M3,1 Hr,Valid
Karachi,PM2.5 - Principal,2025-01-30 10:00 PM,2025,01,30,22,38.6,109,Unhealthy for Sensitive Groups,31.0,UG/M3,1 Hr,Valid
Karachi,PM2.5 - Principal,2025-01-30 11:00 PM,2025,01,30,23,37.0,105,Unhealthy for Sensitive Groups,34.0,UG/M3,1 Hr,Valid
Karachi,PM2.5 - Principal,2025-01-31 12:00 AM,2025,01,31,00,40.9,114,Unhealthy for Sensitive Groups,47.0,UG/M3,1 Hr,Valid
Karachi,PM2.5 - Principal,2025-01-31 01:00 AM,2025,01,31,01,44.8,124,Unhealthy for Sensitive Groups,51.0,UG/M3,1 Hr,Valid
Karachi,PM2.5 - Principal,2025-01-31 02:00 AM,2025,01,31,02,49.5,135,Unhealthy for Sensitive Groups,55.0,UG/M3,1 Hr,Valid
Karachi,PM2.5 - Principal,2025-01-31 03:00 AM,2025,01,31,03,57.2,152,Unhealthy,64.0,UG/M3,1 Hr,Valid
Karachi,PM2.5 - Principal,2025-01-31 04:00 AM,2025,01,31,04,70.1,161,Unhealthy,83.0,UG/M3,1 Hr,Valid
Karachi,PM2.5 - Principal,2025-01-31 05:00 AM,2025,01,31,05,75.0,165,Unhealthy,80.0,UG/M3,1 Hr,Valid
Karachi,PM2.5 - Principal,2025-01-31 06:00 AM,2025,01,31,06,65.0,158,Unhealthy,55.0,UG/M3,1 Hr,Valid
Karachi,PM2.5 - Principal,2025-01-31 07:00 AM,2025,01,31,07,62.0,156,Unhealthy,59.0,UG/M3,1 Hr,Valid
Karachi,PM2.5 - Principal,2025-01-31 08:00 AM,2025,01,31,08,65.0,158,Unhealthy,68.0,UG/M3,1 Hr,Valid
Karachi,PM2.5 - Principal,2025-01-31 09:00 AM,2025,01,31,09,69.5,161,Unhealthy,74.0,UG/M3,1 Hr,Valid
Karachi,PM2.5 - Principal,2025-01-31 10:00 AM,2025,01,31,10,68.7,160,Unhealthy,68.0,UG/M3,1 Hr,Valid
Karachi,PM2.5 - Principal,2025-01-31 11:00 AM,2025,01,31,11,68.7,160,Unhealthy,69.0,UG/M3,1 Hr,Valid
Karachi,PM2.5 - Principal,2025-01-31 12:00 PM,2025,01,31,12,64.9,158,Unhealthy,59.0,UG/M3,1 Hr,Valid
Karachi,PM2.5 - Principal,2025-01-31 01:00 PM,2025,01,31,13,66.5,159,Unhealthy,69.0,UG/M3,1 Hr,Valid
Karachi,PM2.5 - Principal,2025-01-31 02:00 PM,2025,01,31,14,53.2,145,Unhealthy for Sensitive Groups,40.0,UG/M3,1 Hr,Valid
Karachi,PM2.5 - Principal,2025-01-31 03:00 PM,2025,01,31,15,41.6,116,Unhealthy for Sensitive Groups,30.0,UG/M3,1 Hr,Valid
Karachi,PM2.5 - Principal,2025-01-31 04:00 PM,2025,01,31,16,38.3,108,Unhealthy for Sensitive Groups,35.0,UG/M3,1 Hr,Valid
Karachi,PM2.5 - Principal,2025-01-31 05:00 PM,2025,01,31,17,35.6,101,Unhealthy for Sensitive Groups,33.0,UG/M3,1 Hr,Valid
Karachi,PM2.5 - Principal,2025-01-31 06:00 PM,2025,01,31,18,33.8,97,Moderate,32.0,UG/M3,1 Hr,Valid
Karachi,PM2.5 - Principal,2025-01-31 07:00 PM,2025,01,31,19,33.9,97,Moderate,34.0,UG/M3,1 Hr,Valid
Karachi,PM2.5 - Principal,2025-01-31 08:00 PM,2025,01,31,20,37.9,107,Unhealthy for Sensitive Groups,42.0,UG/M3,1 Hr,Valid
Karachi,PM2.5 - Principal,2025-01-31 09:00 PM,2025,01,31,21,41.4,116,Unhealthy for Sensitive Groups,45.0,UG/M3,1 Hr,Valid
Karachi,PM2.5 - Principal,2025-01-31 10:00 PM,2025,01,31,22,46.2,127,Unhealthy for Sensitive Groups,51.0,UG/M3,1 Hr,Valid
Karachi,PM2.5 - Principal,2025-01-31 11:00 PM,2025,01,31,23,51.1,139,Unhealthy for Sensitive Groups,56.0,UG/M3,1 Hr,Valid
Karachi,PM2.5 - Principal,2025-02-01 12:00 AM,2025,02,01,00,76.0,165,Unhealthy,101.0,UG/M3,1 Hr,Valid
